topic,categories,source,comment
0,C — Normative Pressure,centroid,"MAKE NO MISTAKE. GME IS THE HOLY GRAIL

There is definitely a huge spike in bots and hedge fucks in the subreddit now. THEY WANT TO SCARE YOU, THEY WANT YOU TO SELL. DO NOT LET THEM SWAY YOU AWAY FROM GME. WE ARE STILL GOING TO THE MOON, DON'T GET OFF THE SHIP RETARDS.

NOK, AMC, BB = BULLSHIT NOISE

THE BIG SQUEEZE IS GME. ITS NOT TOO LATE TO BUY.

REMOVE YOUR LIMITS, WE'RE GOING $2000+ KEEP THE MOMENTUM UP TARDS

This isn't financial advice, I really like the stock

copy/repost to beat the bots

💎🙌💎🙌💎🚀🚀🚀"
0,C — Normative Pressure,centroid,"MAKE NO MISTAKE. GME IS THE HOLY GRAIL

There is definitely a huge spike in bots and hedge fucks in the subreddit now. THEY WANT TO SCARE YOU, THEY WANT YOU TO SELL. DO NOT LET THEM SWAY YOU AWAY FROM GME. WE ARE STILL GOING TO THE MOON, DON'T GET OFF THE SHIP RETARDS.

NOK, AMC, BB = BULLSHIT NOISE

THE BIG SQUEEZE IS GME. ITS NOT TOO LATE TO BUY.

REMOVE YOUR LIMITS, WE'RE GOING $2000+ KEEP THE MOMENTUM UP TARDS

This isn't financial advice, I really like the stock

copy/repost to beat the bots

💎🙌💎🙌💎🚀🚀🚀"
0,C — Normative Pressure,centroid,Will gme go back up
0,C — Normative Pressure,upvote_1119,"$10,000 is the new $1,000. 

🚀 to $10,000

I'm long GME. 💎🤚

edit: Thanks kind strangers for the gold."
0,C — Normative Pressure,upvote_955,"Im the one who sold GME for $2600 per share! Too bad I'm retarded and only had 0.11 shares

[https://i.imgur.com/nszA7MY.jpg](https://i.imgur.com/nszA7MY.jpg)"
0,C — Normative Pressure,upvote_476,"If /u/deepfuckingvalue can hold $47M in GME positions, you can hold your measly positions."
2,C — Normative Pressure,centroid,Keep Holding!!
2,C — Normative Pressure,centroid,Holding and chilling
2,C — Normative Pressure,centroid,"A HOONTER MUST HOONT, THEREFORE KEEP HOLDING"
2,C — Normative Pressure,upvote_638,So in other words... keep holding and rocket keep going boom? 🚀🚀🚀🚀🚀🚀🚀
2,C — Normative Pressure,upvote_421,My fingers are deep in my anus I'm holding so tight.
2,C — Normative Pressure,upvote_268,"This is definitely more effective than holding signs.   
G  
a  
m  
e  
r  
s  
R  
i  
s  
e  
U  
p"
4,C — Normative Pressure,centroid,You selling?
4,C — Normative Pressure,centroid,Who's selling! 😑
4,C — Normative Pressure,centroid,Never selling
4,C — Normative Pressure,upvote_269,UPVOTE IF YOU’RE NOT SELLING!!!
4,C — Normative Pressure,upvote_217,It’s just so relaxing to sit. Fuck selling tho.
4,C — Normative Pressure,upvote_178,STOP FUCKING SELLING RETARDS
9,C — Normative Pressure,centroid,"Buy the dip buy the dip
To the moon🚀🚀"
9,C — Normative Pressure,centroid,BUY THE DIP BUY THE DIP BUY THE DIP
9,C — Normative Pressure,centroid,"BUY THE DIP

BUY THE DIP

BUY THE DIP!!!"
9,C — Normative Pressure,upvote_549,If it dips I buy more!
9,C — Normative Pressure,upvote_298,Sounds like you need to buy the dip
9,C — Normative Pressure,upvote_136,"I am prepared for the dip. But to be sure, Please tell me again for reassurance and my little smooth retard brain to calm and dont panick with your ALL CAPS magic. 🚀🚀🚀"
15,C — Normative Pressure,centroid,BUY HOLD BUY HOLD
15,C — Normative Pressure,centroid,BUY AND HOLD!!! BUY AND HOLD!!!
15,C — Normative Pressure,centroid,Buy and hold buy and hold
15,C — Normative Pressure,upvote_222,BUY AND HOLD BUY AND HOLD 💎✋💎✋💎🚀🚀🚀🚀🚀
15,C — Normative Pressure,upvote_220,"Fuck hold, BUY!"
15,C — Normative Pressure,upvote_77,"I tried convincing my bro to buy early this week but he didnt want the risk. He texts me today frantically, back to back, telling me to sell. 

All I could do is flip up the visor on my helmet and say ""we ain't the same"""
20,B — Identity Framing,centroid,glorifying violence? EAT THE RICH
20,B — Identity Framing,centroid,# eat the rich
20,B — Identity Framing,centroid,"Eat the rich

Become the rich"
20,B — Identity Framing,upvote_442,"I'm not here to make money right now. I'm here to stick it to some assholes.

Holding."
20,B — Identity Framing,upvote_402,It’s not about the money. It’s about sending a message.
20,B — Identity Framing,upvote_379,gamble?  this is a fucking war.
21,B — Identity Framing,centroid,HAHAH THESE HEDGE FUNDS ARE SO RETARDED
21,B — Identity Framing,centroid,What are hedge funds ;-;
21,B — Identity Framing,centroid,fuck ~~nef anyo~~ hedge funds
21,B — Identity Framing,upvote_5882,"In September 2008, I first hand saw the body BAGS of a man that jumped in front of the train.  Hedge funds have literally taken lives through their greed.  It's time for some long overdue taste of their own medicine."
21,B — Identity Framing,upvote_817,I am going to laugh to myself for years if it turns out that the retards and autists on /r/wallstreetbets were the trigger for some fundamental reforms on Wall Street. It is just so damn funny.
21,B — Identity Framing,upvote_736,"It's these hedge funds that caused my family to lose everything after 2008. Make these billionaire assbags pay for everything they have taken from us.
Edit: frick the banks too."
26,C — Normative Pressure,centroid,"COVID and the total shit storm that was 2020 hit us hard.

And we had just started grieving the loss of our mother in late 2019, so it was definitely a very difficult year both emotionally and mentally. Sister lost her job, I work a physical job and it was halted, dad got sick but is an essential worker so he's been pushing through.

&amp;#x200B;

Not trying to pump anything here, I swear, but we bought into $AITX in December and it's surprised us with how much it's grown, and it keeps growing.

Even when it stumbles it gets right back up and keeps going. Definitely a gem and a great cheap buy right now. Considering it's projected to reach well past $2 before or by March of this year, but a boost from the wonderful community here at WSB would really help a lot of people out. I know we're not the only ones hoping for a break or something good to happen.

&amp;#x200B;

It's a great company with solid DD out there for anyone to find. Check out the CEO's Twitter, the discord, the stocktwits page where people post videos of the products out in the real world or on the news, the website for AITX, and there's even some great DD here on Reddit.

Anyways, that's all I wanted to say. Thanks for reading. Stay safe and keep on doing some good for the world."
26,C — Normative Pressure,centroid,"Same man, I'm down 50k myself.  I don't even care.  I said that I'd hold this shit to zero if need be, and I wasn't sure if my emotions would back up my decision once the losses came.  But honestly I didn't even care.  I have achieved nirvana.  It's just math.  We hold until they can't afford the insane interest payments any more.  And then they pay us whatever we say for the shares they way overshorted. 

This is the first time we all literally get to decide our destiny.  How much will you sell your shares for?  What would you like billionaires to pay you for the privilege of not bleeding money any more?  

$5,000?

$10,000?

$69,420?

How ambitious do you dare to be?  How much do you trust your fellow apes on this subreddit to actually follow through with diamond hands up to those towering heights?  I can say personally I have limit sell orders at each of those levels I mentioned.  I won't say what my highest one is.

Think of the corrupt Wall Street fucks who locked you out of trading, fucked us and got bailed out in the 2008 crisis, got bailed out during the pandemic, and now are whining about suffering the consequences for opening 140% short interest against a company that has real prospects for turning around.  How much do you think they should pay you to stop bleeding insane interest on their borrowed shares?  That's the only question we should be asking ourselves.

Power to the players.

💎🖐 🚀🚀🚀🚀"
26,C — Normative Pressure,centroid,"Don't invest what you're not willing to risk. I'm not a financial advisor and this is not financial advice.


Personally, I've only got about $2000 of available capital, that's like half my net worth. I bought in for $1000 at 97 bucks a share and in the morning, when I see a good dip I'm planning to put my other $1000 in, hopefully right around $200 a share. This is a life-changing amount of money for a manual laborer in one of the poorest regions of the US, because I'll have an emergency fund plus enough money to reinvest and continue learning to trade - and that's *merely* if we surpass the now-underexpected $1000 per share mark.

I am *extremely* risk averse, but I've done just enough homework that I decided I was comfortable with this play.

If you decide to get in tomorrow, that's still plenty of space for the stock to top $1k and rake in some ridiculous cash, and also pray for a miracle that it goes to fucking Mars and makes you rich.

Any investment you make is your decision, these are just my opinions as an uneducated solo investor, all investments are made at your own risk."
26,C — Normative Pressure,upvote_188,"So now we need to justify buying shares, is that it? I will leave 150 post-it notes on my 150 shares, all saying ""FUCK YOU THAT'S WHY"""
26,C — Normative Pressure,upvote_56,"Holding 180 shares at 92. Had loads of opportunity yesterday to sell and net myself 45k that’s a shit ton of money to me.

I am not letting you guys down. I am holding. Diamond hands, the media won’t scare us. The dips won’t sway us. Hold for the fucking squeeze."
26,C — Normative Pressure,upvote_36,Hold!! Me and the wife just bought 10k worth. Let's do this. Fuck the hedge funds. We like this stock :)
28,C — Normative Pressure,centroid,Only if you like tendies
28,C — Normative Pressure,centroid,I JUST PUT SOME TENDIES IN THE OVEN
28,C — Normative Pressure,centroid,Tendies is tendies
28,C — Normative Pressure,upvote_678,"To all hedge fund bitches out there - just know I’d rather lose this money than fucking sell until the bitter end. 

I. WANT. MY. TENDIES. AND I WANT THEM HOT"
28,C — Normative Pressure,upvote_335,"If anything, I think this has strengthened our resolve. It's not even about the tendies anymore, it's about whipping our dicks out and helicoptering in wall streets dumbass faces"
28,C — Normative Pressure,upvote_307,"If you’re not watching pre market all the way until after hours close, and Europe markets, do you even fucking deserve tendies? Let’s go boys fuck sleep"
35,C — Normative Pressure,centroid,"***ONCE WE PASS $350 WE ARE LITERALLY GONNA FUCKING MOON BOYS***

***THIS IS NOT A DRILL***

***DIAMOND HANDING 368 SHARES SINCE $39.00 IF I CAN HOLD THROUGH EVERY SINGLE MINUTE OF THE CHART THEN YOU CAN TOO ON OUR WAY TO $500***

&amp;#x200B;

THAT DIP GOT BOUGHT UP REALLY FUCKING QUICK HAHAHAHA NICE LAST TRY MELVIN YOU CU-NT"
35,C — Normative Pressure,centroid,Bro i bought 15 @ $150 yesterday and thought i was fucked when shit dropped to $80s. I wish I bought more now.
35,C — Normative Pressure,centroid,I BOUGHT AT 368 AND I WILL NEVER SELL
35,C — Normative Pressure,upvote_1364,"Guys 😔 I’m ashamed to say it... I saw the dip to 249 and I got nervous. I had no choice. I sold my shares.




SIIIIIIKE. BOUGHT 10 MORE SHARES ON DISCOUNT. ALL IN, TO THE MOON WE GO BOYS 🚀🚀🚀🚀💎💎💎"
35,C — Normative Pressure,upvote_1173,Half share gang! I tried to buy more when it dipped below 290 but RH fucked me
35,C — Normative Pressure,upvote_172,"I'll come if someone else is paying lol.

After The pandemic of course. Stay safe retards x 🚀🚀🚀🚀🚀🚀

12@$91

Was a huge gamble, I'm broke as fuck, my £400 universal credit payment went in on the 25th, put most my money in straight away, got £27 in the bank till I sell. Any one wanna bail me out? XD"
39,B — Identity Framing,centroid,Don't be. This is just market manipulation.
39,B — Identity Framing,centroid,"No where, was market manipulation."
39,B — Identity Framing,centroid,Market manipulation hahahahah
39,B — Identity Framing,upvote_289,How is it illegal? We like the stock.
39,B — Identity Framing,upvote_235,"The market isn't inexplicable, they're not claiming that. [It's just not *efficient*](https://www.investopedia.com/terms/e/efficientmarkethypothesis.asp). That is, it doesn't reflect all available information because information, as it turns out, is easy for self-interested actors to bullshit/hide/manipulate and is also massively biased and distorted by human emotion.

The very fact that WSB could find Melvin Capital shorters profiting for years off bullshit and punish them this severely inherently disproves the EMH."
39,B — Identity Framing,upvote_156,"I don't even disagree Elizabeth Warren saying this shouldn't happen again. The only reason we are doing this BS is in response to hedgefunds fucking our parents in 2008. This is revenge. If they make steps to fix the system and punish idiotic bullshit like shorting a stock over 140% I am in favor of that. Smart investors will make MORE money in a world where hedge fund manipulation is gone and things are fair.

The $GME squeeze is symptomatic of a failure in our regulation system. If Melvin &amp; Co. didn't cheat until their beady little eyes bled we would not be able to do this. There are people cheating, so we're smacking them in the face with their own broken system."
42,B — Identity Framing,centroid,"Yeah because the media has never ever been liberal. Their owners are giant teleco's who have a vested interest in making sure we don't wise up to their shenanigans. We're past conspiratorial thinking I just watched every major news outlet let some business cunt complain this is hurting the hedge funds and that running up a stock like this isn't safe for us. You heard that right, now all of a sudden they're worried about our portfolios when every decade they shit the bed. Politely miss me with the bullshit. We're a threat now and they don't know how to act. We're riding the gravy train for once and like someone else said these adult children are so spoiled they can't let someone else  enjoy the win even if it means they take a small L. It's not like they can't or won't make that money back somehow. Just not from us this time. Eat shit, wall street it's about time. This is the real occupy wall street."
42,B — Identity Framing,centroid,"Hold it, its hedge fund sell out"
42,B — Identity Framing,centroid,"High frequency trading: ya, cool, introduce a market inefficiency so hedge funds can scalp retail investors

Retail investors buying shares and a hedge fund, that was short more than the total shares tradeable, loses: serious business

Fuck off"
42,B — Identity Framing,upvote_1462,"Volume of the S&amp;P yesterday was almost 10B. Most since Financial crisis recovery way back in early 2010!


Melvin, Citadel, and point72 are gambling AGAIN with the world economy!!! 

They got caught with their hands in the cookie jar, having been left to their own devices, shorting and conducting irresponsible trades.

And now their collapse and sell-off is impacting broader markets. They are selling leadership on the broader economic impact and singing a song that places the blame on the little guy.

How dare they manipulate the markets and risk the world’s economy, AGAIN!!! Fuck them."
42,B — Identity Framing,upvote_612,Exactly. It should have been a pause on all sides. This is unprecedented. We are actively under attack. Nobody should sell.
42,B — Identity Framing,upvote_142,Imagine thinking that the Uniparty/Banks/WS don't coordinate together at every level.
43,C — Normative Pressure,centroid,"Bought 20 at $17 then doubled down 40 more at $40, been buying up more since every time I get money now I'm up to 100 shares. Gonna throw 2 grand in tomorrow. I'm all in boys. 🚀🚀🚀"
43,C — Normative Pressure,centroid,Im already on a diet of noodles because I bought shares. But I'm holding for all of us💎👐
43,C — Normative Pressure,centroid,I will be buried with my shares
43,C — Normative Pressure,upvote_796,"Never have I cared this much for others to make money. I hope it rockets to $1000 per share and you make the most of it! I'm rooting for you, myself, and all the people out here! Let's go!!"
43,C — Normative Pressure,upvote_384,"$485

What's funny is, I was planning to take my 1.7 shares and duck out at $500. But after the fuckery of yesterday I'm not going anywhere. They showed their hand, this isn't done."
43,C — Normative Pressure,upvote_204,"Bro I bought one share on Sunday with my last hundred, my 1 year old daughter and I have COVID. I’m out of work for a couple of weeks. I’m literally “all in” on this motherfucking ship!"
45,C — Normative Pressure,centroid,BIY GME BIY GME BUY GME
45,C — Normative Pressure,centroid,Buy GME Buy GME Buy GME
45,C — Normative Pressure,centroid,Sell everything but gme and buy more gme
45,C — Normative Pressure,upvote_269,HOLD FAST FELLOW RETARDS DONT BE FOOLED BY THE BB NOK HEAD GME IS OUR BATTLEGROUND AND GME WILL LEAD US TO TENDYTOWN $1000 OR BUST🚀🚀🚀💎🤲
45,C — Normative Pressure,upvote_267,"So, buy more $GME? Got it 🚀🚀🚀"
45,C — Normative Pressure,upvote_161,"&gt;and is buying GM

I'm sorry to tell you, but your MIL is actually retarded.
Hope you mean't GME."
50,C — Normative Pressure,centroid,Just bought some more 🚀🚀🚀🚀🚀💎
50,C — Normative Pressure,centroid,Just bought one more
50,C — Normative Pressure,centroid,Just bought more
50,C — Normative Pressure,upvote_2148,"im going to buy more tomorrow, i dont have 100,000's but i can help with the little i got"
50,C — Normative Pressure,upvote_82,So what does that do for the price?
50,C — Normative Pressure,upvote_60,FUCK EM JUST BUY MORE GME🚀🚀🚀
55,B — Identity Framing,centroid,Schwab
55,B — Identity Framing,centroid,Schwab
55,B — Identity Framing,centroid,Schwab
55,B — Identity Framing,upvote_1462,"Wish I had an award to give ya, this made me laugh real well."
55,B — Identity Framing,upvote_69,damn you're this close to class consciousness
55,B — Identity Framing,upvote_37,This is class warfare people.  Hold!!!! Enough is enough
56,B — Identity Framing,centroid,"Didn't Yellen get a shitload of money from Citadel, though?"
56,B — Identity Framing,centroid,"and 

**FUCK CITADEL**"
56,B — Identity Framing,centroid,Is this Citadel as in citadel Miniatures ?
56,B — Identity Framing,upvote_206,"CHAMATH DEFENDING US

SCREW MELVIN

SCREW CNBC

SCREW TD AMERITRADE

GME  🚀🚀🚀"
56,B — Identity Framing,upvote_90,Idk we are the home of the infinite leverage legends and no matter how dumb citadel is I dont think anything can ever top that.
56,B — Identity Framing,upvote_69,Ted Cruz is also agreeing with AOC
61,B — Identity Framing,centroid,"I remember when the crash hit, my mom lost her job and my dad was under so much pressure at his job that he turned to prescription drugs. We soon lost our house and he lost his job as well. My family never fully recovered. Now my dad is a junkie who is somewhere on the streets, and my mom had to work 3 jobs at one point just to feed my brother and I. She finally has a decent job 13 years later, but when the market crash happened I didn’t realize how negatively it would affect my brother and I. College fund? Gone. Big ass house? Gone. Moved into a one bedroom apartment. Sure, others suffered way worse, but I can’t imagine where I’d be today if the crash didn’t happen. I remember gas cost 7$ a gallon and we filled up one gallon at a time. We suffered so much just because banks and firms wanted to make money. It’s our turn now."
61,B — Identity Framing,centroid,"This was great to read. I don't think I could've put this into better words.

I was just starting college summer of 2008. In the next few years I never understood why it was so hard to convince my parents to help me take out student loans for myself and their Parent PLUS loans to help pay for school.

Yet here I stand, 100k in debt, currently jobless in recruitment hell, 1 1/2 degrees, behind 3 months on rent, and all I can contribute to this whole thing is $1. Yeah, it's one measly dollar, but it's one dollar to say I believe in what everyone is trying to do. I want so badly for things to better for this generation financially. I want to pay off my debt, pay off my sister's debt (she's got a master's and is a single parent and is 140k in debt), and help my friends reach the potentials I know we can all achieve.

I learned how to fucking cook from scratch because I didn't have money.

People always say money doesn't buy happiness, but it certainly paves the road to get there.

Keep holding and I hope a lot of people come out on top."
61,B — Identity Framing,centroid,"I was 27 when the 07-08 crash happened. I worked for a large mortgage lender at the time. I was hired as a temp to answer the phones when I was 20 during the refi boom and worked my way up through the ranks eventually becoming a Sales Rep. The hot items we sold were No Doc loans and 1% Option Arms. Being young and relatively new to this business I thought this was how mortgage loan programs worked and I thought nothing wrong of it. In 2007, over 250 banks imploded. My colleagues and I watched the implode o meter website every single day. The bank I worked for at the time assured us we were okay and that we wouldn’t go under but 8 months into the crash they couldn’t hold on and they shut down. I lost my job and so did many others and I could not find a job for over a year! My company did give us a severance package which helped for a couple months and then I had to go on unemployment. When I did find a job over a year later, I was making significantly less than what I was prior and it was like this for 5 years after, the jobs didn’t pay well. It finally started to turn around for the better in 2012 after all the 2010 regulations took place. Now 20-21 eerily feels like 07-08 again. The business is booming right now due to low interest rates and many are buying and refinancing. Home values are overinflated and I can’t find anything worth a crap for under 300k in my state that already has incredibly high property taxes. We also have many people currently unemployed due to covid and pausing their mortgage payments under the cares act. I’m curious to see how this all plays out in the next year or so. I’m really hoping it’s not a repeat of 07-08.

Edit to say - I love the company I work for now! I don’t want a repeat 😫"
61,B — Identity Framing,upvote_365,You're holding for the American dream. For those who can't. To stand against the bastards who always win. This is manipulation. It's not about tendies right now. It's about showing the institution who actually owns this damn market
61,B — Identity Framing,upvote_363,"the system revealed itself today. We are the slaves. 

Be content with your crumbs or rise like a fucking phoenix. I’m flying straight for the sun."
61,B — Identity Framing,upvote_153,"The entire fucking generation, every single person ranging from 16 to 26y old was just redpilled about the way our economy and the market funcion. The America was brought to the boiling point a month ago, how ironic if the real revolution was financial, not cultural. No Left vs Right, just 99% vs the Parasites that devoured our world. There is a reason Millennials and Zoomers are the only generations in the history of Mankind that simply can't afford to buy a place to live. No land, no apartment, no house. The reason for that are the Parasites you call Bankers."
62,B — Identity Framing,centroid,"&gt;This morning I, and millions of other retail investors, were blocked from purchasing (entering new buy orders) on the Robinhood platform, without notice. This clear example of market manipulation has forced the stock down from over $500 in after-hours to less than $300 as of this writing. Meanwhile, hedge fund interests are NOT blocked from buying the shares being traded and the lower price obviously benefits them.

For FINRA: **CRD#:** **165998/SEC#: 8-69188**"
62,B — Identity Framing,centroid,"This is what I'm using (FSC isn't picking up though and their voicemail is full):

*Good morning, my name is \_\_\_\_ and I'm a \_\_\_\_\_ constituent.*

*I'm calling because of as of this morning I and millions of others were blocked from purchasing new ordes on platforms like Robinhood. I bought in \_\_\_\[yesterday for me\]\_\_ of my own will, knowing the risk, wanting to let this play out and the fact that these platforms because of their manipulations and fear are stopping our trades from being executed after they promised to deliver services is unacceptable.*

*This clear example of market manipulation has forced the stock down from over $500 in after-hours to less than $300 as of this writing. Meanwhile, hedge fund interests are NOT blocked from buying the shares being traded and the lower price obviously benefits them.*

*We retail investors have followed all the rules and finally stood to gain a LITTLE bit from Wall St and they suddenly change the rules ""to protect"" us. As your constituent, I ask and demand that you use your power and regulatory authority to examine whether Robinhood colluded illegally with any other actors who may have held short positions on these stocks to reduce the number of buyers for $GME and therefore deflate the price. This is market manipulation.*"
62,B — Identity Framing,centroid,"[Click Here](https://www.sec.gov/oiea/Complaint.html) to file a complaint with the SEC.

[Click Here](https://www.finra.org/investors/have-problem/file-complaint/complaint-center) to file a complaint wit with FINRA.


[Click Here](https://robinhood.com/contact) to file a complaint with Robinhood directly. 


Robinhood Financial LLC
85 Willow Road
Menlo Park, CA 94025
United States

This morning I, and millions of other retail investors, were blocked from purchasing (entering new buy orders) on the Robinhood platform, without notice. This clear example of market manipulation has forced the stock down from over $500 in after-hours to less than $300 as of this writing. Meanwhile, hedge fund interests are NOT blocked from buying the shares being traded and the lower price obviously benefits them. 

We retail investors have followed all the rules and finally stood to gain a LITTLE bit from Wall St and they suddenly change the rules ""to protect"" us. I am requesting you use your subpoena power and regulatory authority to examine whether Robinhood colluded illegally with any other actors who may have held short positions on these stocks to reduce the number of buyers for $GME and therefore deflate the price. This is market manipulation.

**GIVE ROBINHOOD APP A 1-STAR REVIEW RIGHT NOW!**

Edit: Stop giving Conde Nast your money with these stupid awards. Donate to a 501(c) or better yet buy more $GME (not financial advice).



Spread the word. This is outrageous"
62,B — Identity Framing,upvote_362,Even a small penny stock got blocked after their run up. This is ridiculous. Fuck robinhood.
62,B — Identity Framing,upvote_89,"Report RobinHood for market manipulation for preventing buying

Instructions here:
https://www.reddit.com/r/wallstreetbets/comments/l6wbbj/comment/gl3345j"
62,B — Identity Framing,upvote_83,"What happened? Is it legal for them to just block it? 
Wealthsimple in Canada sent an email saying be carefull these stocks are risky but did not block the ability to trade them. 

I wonder what Robinhood is thinkinging? Perhaps trying to save their IPO?"
67,B — Identity Framing,centroid,Shorts ladder attack
67,B — Identity Framing,centroid,Short ladder attack. Keep holding
67,B — Identity Framing,centroid,Lets all riot and protest at wall street
67,B — Identity Framing,upvote_1043,"""WE CAN STAY RETARDED LONGER THAN THEY CAN STAY SOLVENT"""
67,B — Identity Framing,upvote_676,WE CAN STAY RETARDED LONGER THAN THEY CAN STAY SOLVENT
67,B — Identity Framing,upvote_573,"Occupy Wallstreet 2.0, can’t bet em’ join em. 💎 🙌"
76,C — Normative Pressure,centroid,"You don’t realize the panic and rage I felt when I saw it fall to 120. I’ve been holding since 40. My finger was right above the sel button. I wanted my 200% gains, I wanted regain sanity. Then I closed the app. I wouldn’t give them the one thing they wanted. Me to puss out. 

This is so much more than the gains"
76,C — Normative Pressure,centroid,"I was here at $61 and was scared passing $100, I watched it jump to $155 and thought about getting out, I watched it blow passed $200 and thought “maybe today is the day,” I’m watching it sit above $300 and I’m not selling till we break $1000 it can be done!"
76,C — Normative Pressure,centroid,"Congrats brothers!

Obligatory HOLDHOLDHOLD 🚀🚀🚀


I'm getting ready for a large drop tomorrow as paper hands take profits and small balls dip out. Hold your shares and liquidate your life to buy the dip tomorrow!

(My thoughts and definitely not facts) 

It's going to be rocky as fuck but we shall soon set foot on the moon!!



🚀🚀🚀🚀🚀🚀🚀🚀🚀🚀🚀🚀🚀🚀🚀🚀🚀🚀🚀🚀"
76,C — Normative Pressure,upvote_383,Dude if this reaches $1 ill be able to retire
76,C — Normative Pressure,upvote_62,"I was getting nervous at $130 then my boomer dad texted me saying to sell asap because ""the govt banned talking about gamestop trading online"". Knew then I was fucking holding til I die"
76,C — Normative Pressure,upvote_58,Fundamentally if this amount of people continue buying and holding the outlook can be over 1k
80,A — Uncertainty Expressions,centroid,What does that mean?
80,A — Uncertainty Expressions,centroid,What does that mean?
80,A — Uncertainty Expressions,centroid,What does that mean
80,A — Uncertainty Expressions,upvote_24,What does that mean
80,A — Uncertainty Expressions,upvote_23,Stop posting shit like this
80,A — Uncertainty Expressions,upvote_20,"can you elaborate?

can you elaborate?"
82,C — Normative Pressure,centroid,Why can't I buy NOK?
82,C — Normative Pressure,centroid,Buy NOK
82,C — Normative Pressure,centroid,BUY NOK BUY NOK
82,C — Normative Pressure,upvote_42,I’m debating. Is $600 on NOK gonna be worth it?
82,C — Normative Pressure,upvote_40,BUY NOK make it double digits
82,C — Normative Pressure,upvote_39,How many hours until we can buy NOK
83,B — Identity Framing,centroid,fucking hell this system is rotten.  Free market -  bullshit.  It's a rigged game.
83,B — Identity Framing,centroid,"That hit me, hard bro. It hurts. This situation really shows how there is the 1% that just protect and maintain a system through our society's institutions (economy, media, government etc) that benefit them.  Always tryna play us..like puppets on strings, holding us down, working to ensure our complicity. Not anymore baby. Not today. Were done. Power to the players."
83,B — Identity Framing,centroid,"People will say that's not possible, but we are playing s rigged game against people that use to take the ball home when they lost. Let's just hope that if they do such a thing, it'll backfire. Other then media, a lot of people are on our side. It feels like a revaluation at this point. I honestly don't want to see to send a fuck you to wall street more then anything else"
83,B — Identity Framing,upvote_78,"You havent touched on all the dirty crap they can pull to stop that from happening.  

We saw some of it today. If it gets bad again, what other tricks do they have that they could use?"
83,B — Identity Framing,upvote_62,They made millions lose their homes in 2008. Let’s see how they like it!
83,B — Identity Framing,upvote_59,"Dirty? Yes we knew that.

Totally anti-American and anti-capitalism? This is an entirely different level of shithead then what we're used to."
86,A — Uncertainty Expressions,centroid,Can we just pin this to the top?
86,A — Uncertainty Expressions,centroid,"Can mods pin this sub ?
Its hard to find 😅"
86,A — Uncertainty Expressions,centroid,God please make a post about trust so we can pin it
86,A — Uncertainty Expressions,upvote_595,This is low key kind of sad
86,A — Uncertainty Expressions,upvote_42,Can I get a bump of that?
86,A — Uncertainty Expressions,upvote_40,SAME. THEY F*UCKED UP
88,B — Identity Framing | C — Normative Pressure,centroid,Thank you for your service
88,B — Identity Framing | C — Normative Pressure,centroid,"*Turn back the pages of history and see the men who have shaped the destiny of the world. Security was never theirs, but they lived rather than existed. Where would the world be if all men had sought security and not taken risks or gambled with their lives on the chance that, if they won, life would be different and richer?* 

***It is from the bystanders (who are in the vast majority) that we receive the propaganda that life is not worth living, that life is drudgery, that the ambitions of youth must he laid aside for a life which is but a painful wait for death.*** 

***These are the ones who squeeze what excitement they can from life out of the imaginations and experiences of others through books and movies. These are the insignificant and forgotten men who preach conformity because it is all they know****. These are the men who dream at night of what could have been, but who wake at dawn to take their places at the now-familiar rut and to merely exist through another day. For them, the romance of life is long dead and they are forced to go through the years on a treadmill, cursing their existence, yet afraid to die because of the unknown which faces them after death.* ***They lacked the only true courage: the kind which enables men to face the unknown regardless of the consequences.***

[***http://www.ram.org/contrib/security.html***](http://www.ram.org/contrib/security.html)"
88,B — Identity Framing | C — Normative Pressure,centroid,Thank you for your service soldier.
88,B — Identity Framing | C — Normative Pressure,upvote_153,We need reinforcements!!! THE MORE INVOLVED THE MORE THEY PAY US
88,B — Identity Framing | C — Normative Pressure,upvote_140,new baby name just dropped
88,B — Identity Framing | C — Normative Pressure,upvote_35,"ITS NOT A WAR WITHOUT CASUALTIES, WE HOLD THE LINE FOR OUR FALLEN BROTHERS"
89,C — Normative Pressure,centroid,Stay strong brothers hold the line
89,C — Normative Pressure,centroid,**DO NOT LET THEM WIN! STAY STRONG AND HOLD!**
89,C — Normative Pressure,centroid,Hold the line we can win.
89,C — Normative Pressure,upvote_1014,"I don't have to win, it's just enough if they lose."
89,C — Normative Pressure,upvote_274,We’re going to be under attack on Friday and the only way we win is by holding the line
89,C — Normative Pressure,upvote_138,"We are beating them!! They're cornered, this little stall won't save them 🚀🚀🚀"
91,B — Identity Framing,centroid,"Commenting this here as well, but every brokerage SIPC/FINRA brokerage should be investigated for any stocks that had blocks on buying (but not selling) on every stock exchange effected. A lot of people are commenting TD Ameritrade and Charles Schwab below, but they also (according to CNBC) suspended trading certain stocks for a period of time. Just because you didn't experience issues doesn't mean they weren't trying to fuck you over as well (and likely hopped off the bandwagon when they saw the flak RH was getting). It's not to say any given brokerage that hasn't made a public statement was involved, but they should all still be investigated at this point."
91,B — Identity Framing,centroid,"They only halt trading on downswings, right?"
91,B — Identity Framing,centroid,"They halted buying of GME on Robinhood, then ran a ladder attack against the price (a few traders selling to themselves at lower and lower prices), to try to spook retail investors into a real, high-volume selloff, so they can cover their shorts.

Then they'll halt trading every time the price goes up a little bit, to try to kill upward price momentum. At the end of the day, they're still boned, because they have a volume problem. They need to spend shares to move the price, but they also need shares to cover their shorts.

Basically, they need retail shares to cover their positions, so they're trying to scare retail into selling, and preventing them from buying."
91,B — Identity Framing,upvote_206,They are just manipulating the market by selling back and forth between institutions that can trade after hours. Once the market opens it's 🚀 again bb
91,B — Identity Framing,upvote_83,"No no, they didn't turn the market off my friend. THEY TURNED IT OFF FOR YOU. On their side, the market was still fully open and they were able to do whatever the fuck they wanted. KEEP THAT IN MIND."
91,B — Identity Framing,upvote_78,The CEO made them unlock it.
93,B — Identity Framing,centroid,"If they hold melvin up, they are going down with him"
93,B — Identity Framing,centroid,So is Melvin’s port....
93,B — Identity Framing,centroid,melvin is such a  🌈 🐻 name
93,B — Identity Framing,upvote_140,"I'm here to repay the ass fucking I got in 2008 by Melvin's goons, I threw in 5,000 at 500.  YOLO"
93,B — Identity Framing,upvote_96,"Contrary to popular opinion, Melvin is far from the only shorter in this game, I think not even the biggest one. We just use their name as a stand-in for the whole gang because it sounds so dumb."
93,B — Identity Framing,upvote_22,You from Melvin? I eat your tendies
102,C — Normative Pressure,centroid,Is it worth buying now at 350?
102,C — Normative Pressure,centroid,Is it worth buying past 200?
102,C — Normative Pressure,centroid,Is it worth buying now?
102,C — Normative Pressure,upvote_35,Is it still worth buying when it opens at 250$ today ??
102,C — Normative Pressure,upvote_34,ITS 3AM in Australia and im still BUYING
102,C — Normative Pressure,upvote_31,"I'll be buying tomorrow! Or tonight, just never bought on off hours before"
105,C — Normative Pressure,centroid,GME to the moon
105,C — Normative Pressure,centroid,GME TO THE MOON!! 🚀🚀🌝
105,C — Normative Pressure,centroid,GME to the moon!!!
105,C — Normative Pressure,upvote_284,"FUCK U HEDGE FUND SOYS HOPE U ALL FUCKING GET BANKRUPTED AND LIVE IN THE STREET




HOLDING TO JUPITER"
105,C — Normative Pressure,upvote_272,FUCK IT I'M BUYING MORE! MY BROTHERS HAVE MY BACK - TO THE MOON WE GO!
105,C — Normative Pressure,upvote_84,"Hows my space dust taste, mortgage daddy?"
106,C — Normative Pressure,centroid,You bought calls didn't you.
106,C — Normative Pressure,centroid,Once I sell all my calls ✋
106,C — Normative Pressure,centroid,Vxx calls
106,C — Normative Pressure,upvote_35,"It was $76 at open yesterday. It will most likely be at $200 today. How much evidence do you need to simply hold? There are no call options on Schwab over $200 this morning that I can see. What does that tell you? Fucking hold your shares. If you are in cash shares, you are the only motherfuckers in a boat that isn’t leaking. ACT LIKE IT!!!!"
106,C — Normative Pressure,upvote_20,Who's buying BB 420 calls?
106,C — Normative Pressure,upvote_20,"I can’t stop laughing. My Build A Bear calls I bought at open are 20 baggers. Yes, Build A Bear."
108,C — Normative Pressure,centroid,DO NOT PANIC SELL
108,C — Normative Pressure,centroid,THEYRE TRYING TO SCARE A SELL OFF!!!
108,C — Normative Pressure,centroid,"What about 
Stock market becomes our bank
Hear me out 
Every Friday you deposit your money 
GME BB AMC NOK
If we all decided not to sell

It will always go up 
If you need to pay rent pay with stock 
sell only what is needed 

We can be enjoying life everyday 

No worries about money 

If you ask me 
looks like a glitch that can be exploited.
Oh well I’m a retard what do I know..."
108,C — Normative Pressure,upvote_1313,This is about my money... from 2008. Fuck the big banks.
108,C — Normative Pressure,upvote_361,Hold the line and DO NOT sell them ANY shares.
108,C — Normative Pressure,upvote_69,No one is selling. But we are under 200 nothing is going to stop them. Nothing is going to stop us. We have to hold.
112,A — Uncertainty Expressions,centroid,The squeeze is not squozeth yet.
112,A — Uncertainty Expressions,centroid,🦧 squeeze 🍌 so 🐍 no take
112,A — Uncertainty Expressions,centroid,Shoorrrrrty SQUEEZE... Shorrttyy LEMONADE
112,A — Uncertainty Expressions,upvote_166,Thanks for this. I was wondering why the volume wouldn’t just increase during the squeeze... sounds like it will.
112,A — Uncertainty Expressions,upvote_44,"I'm expecting violent take off, at least 4x from the current level. That's how we know real squeeze is happening."
112,A — Uncertainty Expressions,upvote_36,🦧 squeeze 🍌 so 🐍 no take
114,C — Normative Pressure,centroid,BBBY🚀🚀🚀🦍🌕
114,C — Normative Pressure,centroid,Aye aye 🚀
114,C — Normative Pressure,centroid,"FUN DA MENTAL

🤪🤪🤪🤪🤪🤪"
114,C — Normative Pressure,upvote_40,AMC🚀🚀🚀🚀🚀🚀
114,C — Normative Pressure,upvote_20,Nope🚀🚀🚀🚀🚀🚀
114,C — Normative Pressure,upvote_20,🙏🙏🙏🙏🙏🙏
120,C — Normative Pressure,centroid,HOLD THE LINE!!
120,C — Normative Pressure,centroid,HOLD THE LINE!
120,C — Normative Pressure,centroid,HOLD THE LINE HOLD THE LINE HOLD THE LINE HOLD THE LINE HOLD THE LINE
120,C — Normative Pressure,upvote_59,HOLD THE LINE
120,C — Normative Pressure,upvote_59,HOLD THE FUCKING LINE RETARDS
120,C — Normative Pressure,upvote_44,HOLD THE LINE!
121,C — Normative Pressure,centroid,Cant we just moon already!?
121,C — Normative Pressure,centroid,you could travel to the moon with us tomorow
121,C — Normative Pressure,centroid,Get in before we take it to the moon
121,C — Normative Pressure,upvote_89,"Didn't you get the memo? the moon isn't the objective anymore, Its Proxima Centauri now!"
121,C — Normative Pressure,upvote_33,FORGET THE MOON. WE ARE GOING TO FUCKING CLOUD CITY. SEE YOU SOON LANDO
121,C — Normative Pressure,upvote_30,Female astronauts are still astronauts  🚀  🚀
127,C — Normative Pressure,centroid,Buy high sell low
127,C — Normative Pressure,centroid,"Buy high, sell low"
127,C — Normative Pressure,centroid,Buy high sell low!
127,C — Normative Pressure,upvote_72,It costs us nothing to hold shares but it costs them billions to be a 🌈🐻
127,C — Normative Pressure,upvote_51,"Correct, that is the only shares they can take, if they take your hard shares you bought with cash, it would be extremely illegal, but at this point, get ready for some blatantly illegal shit to ""Save the market"". They would rather deal with lawsuits and prison than losing potentially billions and billions of dollars."
127,C — Normative Pressure,upvote_28,Now isn’t the time to fuck with other stocks. All moves should involve buying GME🚀🚀
131,B — Identity Framing,centroid,RH may be back up
131,B — Identity Framing,centroid,On RH? I don’t see it
131,B — Identity Framing,centroid,Show me ! I don’t have RH!
131,B — Identity Framing,upvote_96,Class action suit against RH?  Who is in?
131,B — Identity Framing,upvote_34,"to those pursuing legal action, be sure not to stop at RH. name all parties, including citadel and the other brokerages who aided in this monstrous manipulation."
131,B — Identity Framing,upvote_20,I’m kissing RH goodbye. They’re a source to the problem as well. I hope they go downhill from here. I smell class action lawsuits
135,B — Identity Framing,centroid,I love this
135,B — Identity Framing,centroid,We love you
135,B — Identity Framing,centroid,I LOVE YOU ALL
135,B — Identity Framing,upvote_44,"We love you, you're very special."
135,B — Identity Framing,upvote_24,Love you daddy Payne.. wait..
135,B — Identity Framing,upvote_13,you mf are crazy. I love you all
141,C — Normative Pressure,centroid,NOK to the moon!
141,C — Normative Pressure,centroid,Nok to the moon
141,C — Normative Pressure,centroid,nok to the moon brooo
141,C — Normative Pressure,upvote_99,$NOK TO THE MOON. LETS DO THIS
141,C — Normative Pressure,upvote_58,Nakd to the moon 🚀🚀🚀
141,C — Normative Pressure,upvote_28,In the same position. 💎👐Now and forever.
146,C — Normative Pressure,centroid,Sell limit 10k?
146,C — Normative Pressure,centroid,Put my sell limit at $1000 so I can at least try to get some work done today.
146,C — Normative Pressure,centroid,I don't have a sell limit
146,C — Normative Pressure,upvote_68,How many people actually got to sell at 1000 tho? 🤔
146,C — Normative Pressure,upvote_64,Like how long after we hit 5k till we all sell
146,C — Normative Pressure,upvote_50,"Listen fuckwads, don’t set a limit sell for $1000. It can go higher, don’t be a fokin cunt"
150,A — Uncertainty Expressions,centroid,Fake
150,A — Uncertainty Expressions,centroid,fake
150,A — Uncertainty Expressions,centroid,Fake
150,A — Uncertainty Expressions,upvote_547,I totally agree and am onboard with BOTTOM TEXT.
150,A — Uncertainty Expressions,upvote_44,Agreed.
150,A — Uncertainty Expressions,upvote_41,Different person.
158,B — Identity Framing,centroid,Class action lawsuit?
158,B — Identity Framing,centroid,Class action all day
158,B — Identity Framing,centroid,Class action lol
158,B — Identity Framing,upvote_805,"No matter how much we sue them, the fines will never amount to their losses from GME. This is a win for them. Fuck the system!!!"
158,B — Identity Framing,upvote_282,Lawsuit!!
158,B — Identity Framing,upvote_141,"Now that WSB actually has some real tendies, let’s get a class action suit going. Let’s make it big. Let’s destroy this corrupt establishment that works against the people and let’s drain the swamp."
159,C — Normative Pressure,centroid,GET IT  AMC GME
159,C — Normative Pressure,centroid,For AMC or GME?
159,C — Normative Pressure,centroid,$AMC and $GME for now
159,C — Normative Pressure,upvote_442,HOLY FUCKING SHIT GME AND AMC
159,C — Normative Pressure,upvote_85,AMC is totally a trap to lure people from GME and probably BB. At least in my opinion.
159,C — Normative Pressure,upvote_82,I'm in the same boat as you. I'm looking at buying AMC right now as GME is already headed towards the moon.
162,A — Uncertainty Expressions,centroid,I too would like to know this
162,A — Uncertainty Expressions,centroid,I would like to know aswell
162,A — Uncertainty Expressions,centroid,Good question that I would like to know
162,A — Uncertainty Expressions,upvote_56,Commenting because I also want to know. Dont want to get caught with my pants on the ground
162,A — Uncertainty Expressions,upvote_6,No idea! That's the fun of it!
162,A — Uncertainty Expressions,upvote_5,Hahahahah if you know you know
167,A — Uncertainty Expressions,centroid,Trading was halted...
167,A — Uncertainty Expressions,centroid,trading halted again
167,A — Uncertainty Expressions,centroid,Trading halted
167,A — Uncertainty Expressions,upvote_297,Transactions paused?
167,A — Uncertainty Expressions,upvote_32,does this glitch still work or has it been patched plz help i want to lvl up
167,A — Uncertainty Expressions,upvote_29,"Wow, what the fuck was up with that sudden window raise of 400+?"
168,C — Normative Pressure,centroid,Should I buy AMC???
168,C — Normative Pressure,centroid,BUY AMC BUY AMC
168,C — Normative Pressure,centroid,"BUY AMC, this only works if we are all together on this. BUY AMC BUY AMC, this only works if we are all together on this. BUY AMC

BUY AMC, this only works if we are all together on this. BUY AMC BUY AMC, this only works if we are all together on this. BUY AMC"
168,C — Normative Pressure,upvote_66,# AMC DON'T SELL WE WILL BE RICH !!!
168,C — Normative Pressure,upvote_63,"AMC on sale, reupped $1.3k more"
168,C — Normative Pressure,upvote_42,Not selling AMC.
176,B — Identity Framing | C — Normative Pressure,centroid,APES STRONG TOGETHER 💎💎💎🚀🚀🚀
176,B — Identity Framing | C — Normative Pressure,centroid,Apes strong together
176,B — Identity Framing | C — Normative Pressure,centroid,APES TOGETHER STRONG
176,B — Identity Framing | C — Normative Pressure,upvote_88,APE. TOGETHER. STRONG.
176,B — Identity Framing | C — Normative Pressure,upvote_58,"Updoot this thread, get it to the top. 

#GORILLA TOGETHER STRONG 🦍

#APE TOGETHER STRONG 🦍

#MONKEY TOGETHER STRONG 🐒"
176,B — Identity Framing | C — Normative Pressure,upvote_30,"The night is dark and full of terrors. But if we stand together WE WILL OVERCOME!! This is not financial advice, this is ape advice"
180,C — Normative Pressure,centroid,Paper hands?
180,C — Normative Pressure,centroid,Paper hands!
180,C — Normative Pressure,centroid,paper hands
180,C — Normative Pressure,upvote_35,So many paperhands
180,C — Normative Pressure,upvote_34,WE GOT NO PAPER
180,C — Normative Pressure,upvote_26,"Dear friends across the pond,

in the European subreddits we often joke about you being paper hands. Let today be the day you prove that we were wrong all along."
192,C — Normative Pressure,centroid,DIAMOND HANDS!!
192,C — Normative Pressure,centroid,DIAMOND HANDS
192,C — Normative Pressure,centroid,Diamond Hands. That is all
192,C — Normative Pressure,upvote_666,"Been on Reddit over a year now and everyone I’ve told about it didn’t take it serious at all. Well now they are asking how to use it. How the turntables 🤣

Diamond hands 💎💎🚀🚀🚀🚀"
192,C — Normative Pressure,upvote_17,"Diamonds only form under pressure 💎💎💎💎

Hold the line!

^(no advice)"
192,C — Normative Pressure,upvote_16,# Diamonds are made under pressure
195,B — Identity Framing,centroid,Fuck ya. Wall street can get fucked. The little guys winning! HOLD THE LINE
195,B — Identity Framing,centroid,HERE WE GO AGAIN LETS SHOW THESE WALL STREET ASSHOLES HOW IT FEELS TO GET RAPED IN THE ASS
195,B — Identity Framing,centroid,"although I agree with this, I don't believe in the possible solutions out there to even out the game. Rich assholes became rich assholes by government interventions inside different economical areas leaving actual productive companies out and making the rich assholes richer by not moving a finger. Government fuckes up, destroys with the equal system of law and regulations that once existed,blames the free market and the competitive capitalism(that actually was corporative capitalism thanks to government fuck up), and invades again with more regulations that keep the poor more dependent to the on-term politician and the rich asshole goes home with no competition and much more billions in their pockets. The problem is there as I said, I just think we need to find other solutions. The middle class and the hard-working men and women have to pay even higher taxes than the corporative rich business people; have to follow big and difficult regulations that leave those people out of business while the rich idiot can easily comply with those regulations and goes home with no competition. We are seeing this happen again. The rich assholes got mad cause they lost money shorting GME, AMC, and others. Rich assholes cry market manipulation. The SEC will probably put more regulations so that little guys like us cant do this again. So yes, the rich assholes are (obviously) big assholes, but it was the government who put them there, and it's the government who leaves them there."
195,B — Identity Framing,upvote_139,Billionaires are losing money. You must not understand the level of expediency that this will see.
195,B — Identity Framing,upvote_47,"The shitty part is, if they get bailed out, and you're a US tax payer, you're basically paying yourself. Fuck um all."
195,B — Identity Framing,upvote_46,"Robert Reich has been telling us about this shit since the collapse of 08, and what we need to do to put and end to it.

Not wise to target him as an enemy, he's definitely and ally.

I mean, the only reason why I know about Hedge Fund firms is from his videos where he explains how they've been getting away with gambling our money and get out of paying taxes on their dividends too."
203,C — Normative Pressure,centroid,Tomorrow we ride for Pluto ༼ つ ◕_◕ ༽つ
203,C — Normative Pressure,centroid,# HOLD. WE'RE NOT EVEN CLOSE TO WHERE WE'RE GOING (PLUTO AND BEYOND)
203,C — Normative Pressure,centroid,Fuck Mars we're going to Pluto
203,C — Normative Pressure,upvote_46,I will give Elon my first born to slingshot to Mars.
203,C — Normative Pressure,upvote_33,HOUSTON WE HAVE A PROBLEM. SUPPOSED TO LAND ON THE MOON BUT APPROACHING MOTHERFUCKING PLUTO
203,C — Normative Pressure,upvote_30,"That's probably the best answer I'll get. As long as we can make a pit stop on Mars, I'm all in."
205,C — Normative Pressure,centroid,Diamond hands Diamond hands!
205,C — Normative Pressure,centroid,**SHOW ME THOSE DIAMOND HANDS** 💎👊
205,C — Normative Pressure,centroid,Diamond HANDS!!!!
205,C — Normative Pressure,upvote_1446,DIAMOND FUCKING HANDS SAY IT WITH ME
205,C — Normative Pressure,upvote_95,"My head hurts so much. 

&amp;#x200B;

&amp;#x200B;

&amp;#x200B;

&amp;#x200B;

&amp;#x200B;

&amp;#x200B;

&amp;#x200B;

I was scratching my head and I felt something really heavy scrape across my head. I looked back and suddenly realized I had diamond hands. I didn't sell a thing."
205,C — Normative Pressure,upvote_23,"THEY'RE TRYING TO SCARE YOU.  
TURN THOSE HANDS INTO DIAMONDS AND THOSE BALLS INTO TITANIUM."
211,B — Identity Framing,centroid,"The thing that really gets me about Robinhood is that they bill themselves as the brokerage for the little guy.  That's literally their thing - it's in their fucking name.  And a lot of people got behind them for that reason.  So when the most epic battle of David -vs- Goliath the finance world has ever seen plays out, it's their moment to be the champion of the little guy and provide the tools necessary for the the little guy to go to battle with.  What happened instead is they took away from David and gave everything to Goliath.   Robinhood, the brokerage for the little guy has done more to crack down and cripple the little guy than any other brokerage that I'm aware of.  They led the charge for the other side.  The epic violation of trust is just astounding.   At least that's how I see it."
211,B — Identity Framing,centroid,"Robinhood doesn't charge a commission.

Robinhood makes money by selling your order to Citadel.

Citadel makes money by executing your order in a way advantageous to them.

Citadel loaned a bunch of money to Melvin Capital.

If Melvin Capital goes under, Citadel doesn't get their money.

Citadel tells Robinhood to stop allowing purchases of GME; to save Melvin.

Remember how Robinhood makes their money."
211,B — Identity Framing,centroid,"Seriously, fuck Robinhood.

An [article](https://www.vice.com/en/article/qjpnz5/robinhoods-customers-are-hedge-funds-like-citadel-its-users-are-the-product) published by Vice today breaks it down well:

&gt; The secret to Robinhood's success (and profitability) is simple: payment for order flow. **To ensure trades are commission free, trades are sold to ""market makers'' or large firms such as Citadel Securities—Robinhood’s largest customer, which tried to bail out Melvin Capital after its Gamestop shorts cost it billions**. Market makers execute those trades (sometimes at an inferior rate) and can use their privileged position to place themselves in the middle and make a profit.

There's no such thing as a ""free"" service. In the Internet era, user information is a valuable currency - and we're all just giving it away for free. 

Time for some changes."
211,B — Identity Framing,upvote_137,"what type of ""firm"" should we describe robinhood as?

broker/dealer? market maker?

Edit to add: i am at the end of the form and they ask if you have contacted Robinhood. 

i am not a lawyer but my lawyer-sense tells me that you should contact robinhood before submitting the form to the SEC."
211,B — Identity Framing,upvote_32,JUST GOT A BULLSHIT EMAIL FROM ROBINHOOD SAYINH THEY STAND WITH US LOL
211,B — Identity Framing,upvote_30,"They should investigate if Robinhood made any deals with MMs who are at stake. I can’t believe Robinhood pull this to their users today. If they can do this, how can users trust and trade ? This is completely suicidal decision and I doubt they did this without other motivations."
