topic,category,source,comment
0,B — Identity Framing,top_score_14664,Melvin spending that 2.7 billi on Reddit awards lmao.
0,B — Identity Framing,top_score_14301,Reddit is also a public forum. Melvin had every opportunity to view and act on anything here. Let's open up Shitadel and Melvin's internal emails and phone calls to make sure they aren't manipulating the price.
0,B — Identity Framing,top_score_13151,"If Melvin was out yesterday afternoon, why did they wait till 5am when the GME was trading at $350 to let anyone know...We ain't falling for it. 😂"
0,B — Identity Framing,top_score_10985,"Is anyone else experiencing a kind of freedom in making Melvin sweat? 

I’m down $40k today but I feel oddly calm with it all. It’s the first time I’ve felt a part of something worthwhile

Edit: 🚀"
0,B — Identity Framing,top_score_9100,"Let’s not celebrate just yet.

Here’s the thing, there’s a lot of time between now and Monday. You think Melvin is just going to sit around watching Friends? 

No. Right now there are calls being made, meetings being had behind closed doors for Melvin and his friends to somehow get out of this.

We need to predict what they are going to use as an out."
15,C — Normative Pressure,top_score_4330,Tell em Wendy's doesn't tolerate paper-handed bitches.
15,C — Normative Pressure,top_score_4139,He's a paper hand little bitch!
15,C — Normative Pressure,top_score_3566,What is this fucking paper hand shit
15,C — Normative Pressure,top_score_2278,#Tomorrow may be terrible for us. I hope these people don't get paper handed. They going to be playing dirty
15,C — Normative Pressure,top_score_2107,It's hard to get mad at a paper handed bitch when they are literally saving lives.
16,B — Identity Framing,top_score_9078,Pension funds shouldn’t be investing in high risk hedge funds
16,B — Identity Framing,top_score_5889,All your hedgefund are belong to us.
16,B — Identity Framing,top_score_5882,"In September 2008, I first hand saw the body BAGS of a man that jumped in front of the train.  Hedge funds have literally taken lives through their greed.  It's time for some long overdue taste of their own medicine."
16,B — Identity Framing,top_score_5840,"# Hedge funds caused the financial crisis in 2008. Thousands of people took their own lives. Millions of people lost their home, jobs, families, their lives were forever changed.  


# What about the hedge funds and banks? They got bailed out, not a single executive went to jail. Still having their mansions and yachts.


# This is history in the making. Buy and Hold, the hedge funds will be FORCED to cover at high price."
16,B — Identity Framing,top_score_4280,"Hedge funds NOT smarter than a fifth grader, heard!"
37,B — Identity Framing,top_score_9004,APES TOGETHER STRONG! 💎🙌🏾
37,B — Identity Framing,top_score_4024,Collection of apes who like the letters G-M-E
37,B — Identity Framing,top_score_2882,Dawn of the Apes
37,B — Identity Framing,top_score_2409,"APES TOGETHER STRONG

WE LIKE STOCK 

WE NO LEAVE"
37,B — Identity Framing,top_score_2395,"🦍🤝💪

APES TOGETHER STRONG"
40,C — Normative Pressure,top_score_7837,DIAMOND FUCKING HANDS LETS GO !
40,C — Normative Pressure,top_score_6545,"&gt;put every last dime in  
&gt;  
&gt;dime-in  
&gt;  
&gt;diam-in  
&gt;  
&gt;diam-ond  
&gt;  
&gt;diamond  
&gt;  
&gt;diamond hands

oh shit"
40,C — Normative Pressure,top_score_5757,No no NO!! Its diamond HANDS not diamond hand. Need to get another one.
40,C — Normative Pressure,top_score_2625,DIAMOND FUCKING HANDS ‼️ 😤 🙌 💎🙌💎🙌
40,C — Normative Pressure,top_score_2541,It actually looked like he said Diamond Hands 😂😂
65,A — Uncertainty Expressions,top_score_1187,Can anyone explain what’s happening here? https://twitter.com/traesop/status/1354856069961539589?s=10
65,A — Uncertainty Expressions,top_score_374,I have no idea what I’m doing
65,A — Uncertainty Expressions,top_score_225,i dont have a clue whats happaning now
65,A — Uncertainty Expressions,top_score_155,WTF is happening here? Trying to read his twitter thread and I don't comprehend
65,A — Uncertainty Expressions,top_score_136,Whats happening is amazing*
66,C — Normative Pressure,top_score_5613,"DON'T LET THE GENERATION THAT CAN'T CONVERT TO PDF PLAY WITH YOUR MIND! HOLD!!!

Edit: You must be shapeless, formless, like an ape brain. When you argue with an ape to sell,  it goes full retard. When you tell the ape it's a dip, it buys even more. When you think ape hands are made of coal, it becomes diamonds 💎. Ape can hold and it can reach the stars 🚀. Become like ape my friend.

- Bruce ape lee."
66,C — Normative Pressure,top_score_1268,only the paper hand bitches are selling
66,C — Normative Pressure,top_score_636,"The few people I’ve told have all said “don’t you think you should sell before it goes down, it’s probably going to plummet soon”........paper handers"
66,C — Normative Pressure,top_score_515,Do not feel bad for the paper hands. You reap what you sold.
66,C — Normative Pressure,top_score_496,All the retards from r/all got paper hands and sold
86,C — Normative Pressure,top_score_6874,"THERE IS NO SELL, ONLY BUY. ONLY HOLD. THIS IS THE WAY. 🚀🚀🚀"
86,C — Normative Pressure,top_score_6613,"Unreal how this is spreading. Absolutely hilarious. 

Don't sell. Hold. 🚀🚀🚀🚀🚀🚀"
86,C — Normative Pressure,top_score_1190,Dont sell. Hold.
86,C — Normative Pressure,top_score_902,"THERE IS NO SELL, ONLY BUY. ONLY HOLD. THIS IS THE WAY. 🚀🚀🚀"
86,C — Normative Pressure,top_score_641,"Hold, do not sell !!!🚀"
95,B — Identity Framing,top_score_19818,Smells like a class-action suit.
95,B — Identity Framing,top_score_6432,"fucking king. all WSBers need to sign on to any class actions, 4.5million people is a big class."
95,B — Identity Framing,top_score_4839,Forget class action I am thinking about just filing this lawsuit myself. Seems open and shutt.
95,B — Identity Framing,top_score_4394,I smell a class action
95,B — Identity Framing,top_score_3826,To the top with this one. This is lawsuit ammunition.
99,B — Identity Framing,top_score_7541,Also the blatantly obvious attempts to manipulate the price back down which are also illegal
99,B — Identity Framing,top_score_4945,"Yeah, surely this is evidence of price fixing."
99,B — Identity Framing,top_score_4604,"Been trading for 10+ years, this is the most sickening thing I’ve seen...and I lost my shirt on TOPS...but that wasn’t manipulation in mass like this is."
99,B — Identity Framing,top_score_4310,Trading is tough when you literally manipulate the market preventing people from buying stocks.
99,B — Identity Framing,top_score_3386,"Fuck it! I didn't realize buying a stock because I believe in it was ""manipulation"" 🚀🚀🚀"
106,C — Normative Pressure,top_score_39316,WE HOLD
106,C — Normative Pressure,top_score_7576,"Oh they closed their positions? Perfect, you won’t mind us holding for a bit longer then"
106,C — Normative Pressure,top_score_5783,WE HOLD 🦍🦍🦍🦍🦍
106,C — Normative Pressure,top_score_4668,We hold. One more time.
106,C — Normative Pressure,top_score_3533,All this screams to us is HOLD
114,C — Normative Pressure,top_score_5158,"""I say when we sell"". Yeah nah we're never selling. DIAMOND HANDS FOREVER. GME 5K 🚀🚀🚀🚀"
114,C — Normative Pressure,top_score_1834,"Petition for DFV to get gloves made of actual diamonds when he finally does sell. 

So never."
114,C — Normative Pressure,top_score_1567,Diamond Hands. Never sell. Make them lose everything 💎💎🤲🤲🎉🎉
114,C — Normative Pressure,top_score_905,Diamond hands baby! Only selling at $42069. Salute from Europe!
114,C — Normative Pressure,top_score_610,"At the peak of $159 p/s, he had around net $20MM.

This is the definition of diamond hands. If he's still in, then you bet your ass I'm stil in.

Edit: I'm a tard that can't add and multiply. It's actually $25MM like u/WatAb0utB0b said."
119,B — Identity Framing,top_score_7149,Ape no organize. Ape only hold stock
119,B — Identity Framing,top_score_6826,GME IS ALMOST BACK TO 400!!! Apes TOGETHER strong!
119,B — Identity Framing,top_score_4027,"1 SHARE OR 1000 SHARES, IT DON'T FUCKIN MATTER

🦍 APES 🦧 TOGETHER 🐒 STRONG 🦍"
119,B — Identity Framing,top_score_3830,"I can't wait until some SEC lawyer in court has to hold up a screenshot of ""🦍🦍🦍 APES STRONGER TOGETHER"" as evidence for market manipulation."
119,B — Identity Framing,top_score_2758,I was so busy consulting 12 hour days I didn’t have time to watch the market.  Never in my wildest dreams did I see a scenario where a sheriff would post notes on my condo door.  I had a plan but the market wrecked the plan.  I lost my wife.  We had to go separate directions to eat.  Ran out of options.  I’m not one of you apes but thanks for making the suits pay.  69 year old with no money here.  They robbed it from me.  Make them pay Apes.  I really appreciate the Democratization of the markets.  You guys are warriors and heroes.  I love each and every one of my Ape friends.
144,B — Identity Framing,top_score_1394,A NEW ALLY HAS ENTERED THE BATTLEFIELD
144,B — Identity Framing,top_score_1184,"We won the war, but the battle has just started."
144,B — Identity Framing,top_score_598,"This is war. We’re all trying to fuck each other. 

Hold and don’t get emotional."
144,B — Identity Framing,top_score_474,"Holy shit, this is war"
144,B — Identity Framing,top_score_414,"Oh fuckkkkkkkk we got ourselves a war within a war

Edit: I got banned for talking about this guy last year and I broke even on my all time during my ban. Fun fact. 🤗"
149,B — Identity Framing,top_score_10709,"From rags to riches, bitches"
149,B — Identity Framing,top_score_6974,Are we now the rich?
149,B — Identity Framing,top_score_5393,ITS FUCKING OVER WE’RE RICH 🚀🚀🚀
149,B — Identity Framing,top_score_1273,I'm just trying to get regular rich while being middle class lol
149,B — Identity Framing,top_score_1026,"Yeah!... wait, im about to be rich..."
161,B — Identity Framing,top_score_6599,"MR. COHODES, TEAR DOWN THIS CITADEL!"
161,B — Identity Framing,top_score_1494,"So theoretically citadel going down too? 

I mean you're saying there's a chance


Edit: I'm waiting."
161,B — Identity Framing,top_score_1345,You're spot on. I was just talking to a colleague who swears that's exactly what they did.  Citadel is the best in the business at this game. It almost scares me we're on the other side of the trade. Almost.
161,B — Identity Framing,top_score_1152,"Citadel is now on CNBC saying they didn’t have anything to do with it...

&lt;RonBurgundy.gif&gt;

I Don’t Believe You"
161,B — Identity Framing,top_score_1005,"Fuck citadel, I’m not selling till they burn"
174,B — Identity Framing,top_score_7202,"Great analogy 🤙

Fuck wall street and those suit wearing fucks"
174,B — Identity Framing,top_score_1985,Wall street doesn't really work on Wall St anymore but 🚀🚀🚀🚀
174,B — Identity Framing,top_score_1182,"Silly moose, wall street is the toilet"
174,B — Identity Framing,top_score_1104,I'm willing to burn everything i own for a chance to take down wall street.
174,B — Identity Framing,top_score_916,And we fucking hate wall street
245,C — Normative Pressure,top_score_12660,Made me laugh out loud hahaha👏🏻 you’re doing great! BUY HIGH ✅ NEVER SELL 🚀🚀🚀
245,C — Normative Pressure,top_score_712,"Buy high sell low, that’s the wsb way 😎"
245,C — Normative Pressure,top_score_697,He even got a buy high sell low flair lol. Money X3 now
245,C — Normative Pressure,top_score_618,"Buy high, sell low."
245,C — Normative Pressure,top_score_546,"When you buy high and sell low your account loses money. Eventually your account will zero out if you're doing it right. I'm almost there myself.

This is the way."
255,B — Identity Framing,top_score_972,Their coverage is despicable today. An absolute fucking disgrace to shame regular people for recognizing a market opportunity and trading based on that opportunity.  While allowing funds to quite literally force tens of thousands of people into poverty by bankrupting companies they “don’t see value in”. Fuck them. HOLDING MY TINY DICK AND 14 shares @ 85
255,B — Identity Framing,top_score_638,"It has bounced to $250 brothers. Repeat stay strong,CNBC will not take us down!"
255,B — Identity Framing,top_score_563,"Cnbc dude saying that this makes the stock market look silly and made up.

I mean, yeah, that's exactly what we're saying"
255,B — Identity Framing,top_score_511,You live in another planet if you think CNBC cares about us and made this information public so we can sell and take our profits. My theory is that many big players want participate so CNBC tries to reach a reasonable dip so the big players can buy and ride with us. I have no problem with that but don’t think for a second I am gonna sell
255,B — Identity Framing,top_score_508,I wanna see more Billionaires and analysts crying about how unfair it all is like today on CNBC. I’m not fucking selling! 💎🙌
258,B — Identity Framing,top_score_2155,Just commenting here so I can see myself in the Big Short 2 when it comes out
258,B — Identity Framing,top_score_2120,"Movie name ideas: 

Power to the Players

Deep Fucking Value

The Big Squoze

The Big Stop

OurMoonGettin’

Findependence Day

The Poof of Wall Street

Harold and Kumar Go To Wipe Citadel

Tree Hunnit

Moneybrawl

The GameStop Plan

Breakfast then Bought Tiffany’s

Call of the World

Apollo 69

Cash Me If You Can

Fantastic Calls and Where to Find Them

Lambo

Back up your Futures

Yield of Memes

Sawdank Redemption"
258,B — Identity Framing,top_score_2060,"Movie name ideas:

The Big Squoze

The Big Stop

OurMoonGettin’

Findependence Day

The Poof of Wall Street

Harold and Kumar Go To Whipe Citadel

Tree Hunnit

Moneybrawl

The GameStop Plan

Breakfast then Bought Tiffany’s

Call of the World

Apollo 69

Cash Me If You Can

Fantastic Calls and Where to Find Them

Lambo"
258,B — Identity Framing,top_score_1753,"From the makers of **""The Big Short""** comes **""Short Bus: The Wall Street Bets Story""**"
258,B — Identity Framing,top_score_1320,"I’m just ready for the new movie in 2024 
The Big Squeeze 
Staring Paul Rudd as u/DeepFuckingValue
Leonardo DiCaprio as *Random greed HedgeFund manager
and Micheal Cera as random GameStop worker who always believed in the company with 100 shares. 
In theaters (hopefully by then 🚀AMC) near you"
275,C — Normative Pressure,top_score_3906,WE HAVE DIAMOND HANDS TOO
275,C — Normative Pressure,top_score_2011,Gramps was the OG Diamond Hands.
275,C — Normative Pressure,top_score_1818,Diamond Hands it’s that simple
275,C — Normative Pressure,top_score_435,Hound hands perhaps
275,C — Normative Pressure,top_score_405,Forget diamond hands - this guy's got diamond balls
298,B — Identity Framing,top_score_7479,"It’s so blatantly obvious, the manipulation"
298,B — Identity Framing,top_score_3418,"They are using a Short and Distort strategy, extremely illegal manipulation."
298,B — Identity Framing,top_score_2785,Almost like it's... Being manipulated
298,B — Identity Framing,top_score_1914,So blatant manipulation then???
298,B — Identity Framing,top_score_1871,They’re manipulating. HOLDDDS
303,A — Uncertainty Expressions,top_score_7663,People are gonna be confused as fuck when we go back to talking about options
303,A — Uncertainty Expressions,top_score_2213,"*Assuming he knows what options are*

All I see is green and $$$, that's all that counts"
303,A — Uncertainty Expressions,top_score_614,I'm still weighing in all options
303,A — Uncertainty Expressions,top_score_346,There are like 4 million people on this sub that don't even know what an option is now...
303,A — Uncertainty Expressions,top_score_205,How? That’s the whole fucking point of options.
306,C — Normative Pressure,top_score_1246,BUY &amp; HOLD if you like money
306,C — Normative Pressure,top_score_510,"wow so basically buy and hold? i m a monkey, sorry"
306,C — Normative Pressure,top_score_492,Buy and HOLD
306,C — Normative Pressure,top_score_133,Stock hold
306,C — Normative Pressure,top_score_118,BUY AND HOLD 🚀🚀
310,B — Identity Framing,top_score_1215,"is it weird im legit proud for this man

EDIT: it is not weird."
310,B — Identity Framing,top_score_844,I'm so proud of this community
310,B — Identity Framing,top_score_757,"What the fuck did I do wrong in life, you guys are fucking killing it. Good for you man."
310,B — Identity Framing,top_score_693,U make us proud.
310,B — Identity Framing,top_score_666,Proud of you brother
322,B — Identity Framing,top_score_7638,"Fuck robinhood, considering the ridiculous. Isn’t citadel a major partner with them? How manipulative is this?"
322,B — Identity Framing,top_score_6694,I'm gonna buy RobinHood and Citadel and then fire everyone after the game is over.
322,B — Identity Framing,top_score_3338,"Yeah I don't think people understand how clear the link is here and how utterly obvious this is. Yes, it is even more obvious and unethical then you think.  


Citadel bailed out Melvin and took a large stake in return. Citadel handles 40% of all retail orders. Citadel is now using their massive market power to squeeze retail out of being able to trade against them.  


Citadel needs to be destroyed.  


 This article is really good. [The merry adventures of Robinhood  - Popular Information](https://popular.info/p/the-merry-adventures-of-robinhood)"
322,B — Identity Framing,top_score_2660,"This is actually Citadel who Robinhood runs through, they are blocking GME, AMC, and the others. 

Robinhood is a victim of the bigger fish too"
322,B — Identity Framing,top_score_2046,I been preaching this here for years. Finally others are waking up to the rig citadel is running with Robinhood.
323,C — Normative Pressure,top_score_16304,STAY STRONG AND HOLD!!
323,C — Normative Pressure,top_score_767,"As long as WE'RE  holding, WE'RE all doing our part. Stay strong, friend 👐💎"
323,C — Normative Pressure,top_score_335,Eagan holding strong! 💎🤲
323,C — Normative Pressure,top_score_274,HOLD STRONG!!! $GME🚀🚀🚀🚀🚀🚀
323,C — Normative Pressure,top_score_148,Hold strong 💪
335,C — Normative Pressure,top_score_1585,Buy more and hold
335,C — Normative Pressure,top_score_238,"buying more at market, not taking any chances"
335,C — Normative Pressure,top_score_210,You left out buy more...........and hold!!!!🚀🚀🚀
335,C — Normative Pressure,top_score_164,"HOLD , god damnit! buy more and hold. Wanna be part of history or not?"
335,C — Normative Pressure,top_score_162,Need you to dumb it down for me even more honestly. So keep holding and buy more? Say less
368,C — Normative Pressure,top_score_732,"Good shit man, this kind of stuff keeps me believing in humamity."
368,C — Normative Pressure,top_score_367,Starting to see a lot of doubters in here. WHERE YOUR 💎🤚 AT
368,C — Normative Pressure,top_score_296,I’ll believe it when I see it.
368,C — Normative Pressure,top_score_279,Now I believe..
368,C — Normative Pressure,top_score_236,I now believe it with you
375,C — Normative Pressure,top_score_2275,Did you say buy more? Ok I’m in
375,C — Normative Pressure,top_score_952,BUY MORE
375,C — Normative Pressure,top_score_681,**“Would you like to ~~know~~ buy more?”**
375,C — Normative Pressure,top_score_605,i’d buy more if i could
375,C — Normative Pressure,top_score_373,BUY MORE
384,B — Identity Framing,top_score_9635,"Sorry to hear that man, but we’re gonna make the suits bleed even more"
384,B — Identity Framing,top_score_5292,#FUCK EVERY SUIT KISSERS
384,B — Identity Framing,top_score_1166,"Whoever does this, I’ll buy the suit."
384,B — Identity Framing,top_score_1116,"FUCK THE SUITS. 

I’m tired of being the generation that sees “once in a lifetime” financial ruin every 10 fucking years while the assholes in Manhattan drink champagne and eat caviar. 

May they go hungry for once, may they know the looming threat of homelessness. May they count their fucking pocket change to pay a light bill."
384,B — Identity Framing,top_score_878,💎🙌🏽. We’re together on this bud. For your dad and all other dads that have been raped by the suits for too long
409,B — Identity Framing,top_score_7911,APES TOGETHER STRONG
409,B — Identity Framing,top_score_2132,Ape together strong
409,B — Identity Framing,top_score_1316,APES STRONG TOGETHER
409,B — Identity Framing,top_score_1271,APES TOGETHER STRONG
409,B — Identity Framing,top_score_1188,apes together strong
417,A — Uncertainty Expressions,top_score_2745,I don’t quite understand. Can someone explain?
417,A — Uncertainty Expressions,top_score_1360,Now explain this to me as if I'm a 5 yearold.
417,A — Uncertainty Expressions,top_score_650,"Please explain this like I'm mostly retarded


edit: thanks peeps"
417,A — Uncertainty Expressions,top_score_602,Can you explain it to me like I am 3 instead of 5?
417,A — Uncertainty Expressions,top_score_376,can someone explain like im retarded
429,A — Uncertainty Expressions,top_score_302,Great question. Many don't understand this.
429,A — Uncertainty Expressions,top_score_205,I HAVE NO IDEA WHAT YOU SAID BUT OK ILL EXCERSICE FOR A BIT
429,A — Uncertainty Expressions,top_score_159,I dont have a single clue what you are saying about.
429,A — Uncertainty Expressions,top_score_119,do I look like I understand this shit?
429,A — Uncertainty Expressions,top_score_84,He has no idea what he’s talking about
454,C — Normative Pressure,top_score_584,Which one of you pussies are selling !?!? 💎👐
454,C — Normative Pressure,top_score_426,WHAT JUST HAPPENED? WHO TF IS SELLING??
454,C — Normative Pressure,top_score_419,WHAT THE FUCK EVEN IS SELLING!
454,C — Normative Pressure,top_score_242,SELL THEIR STONKS TO WHO BEN?
454,C — Normative Pressure,top_score_220,Who that fuck is selling like an idiot
455,B — Identity Framing,top_score_22830,"💎👐 YOU HOLD, I HOLD, WE ALL HOLD. 💎👐

THE. HEDGES. WILL. FOLD."
455,B — Identity Framing,top_score_761,The era of the hedgelord is upon us
455,B — Identity Framing,top_score_519,Love you. See you on the other side. We'll see when the dust settles. Fuck the hedgers.
455,B — Identity Framing,top_score_398,"Dw, they hedge"
455,B — Identity Framing,top_score_326,"This is fucking epic.

I'm just here for the memes and to watch hedge fucks sweat."
491,C — Normative Pressure,top_score_2899,Mans been diamond handing his shares for almost 20 years
491,C — Normative Pressure,top_score_1497,"I honestly can't believe it guys. /u/DeepFuckingValue is STILL in. This level of diamond hands is unprecedented, and it should give ALL OF YOU courage to continue to hold through these dark times of market manipulation and short attacks.

WE LIKE THE STOCK"
491,C — Normative Pressure,top_score_1468,"***I HAVE WATCHED THIS CHART EVERY SINGLE MINUTE SINCE $39.00.***

THERE IS CRAZY SUPPORT AT $350

***WE'RE GONNA TEST $500 TODAY AND MAKE HISTORY***

***IF I CAN DIAMOND HAND EVERY SINGLE SHARE SINCE $39 THAN YOU CAN DIAMOND HAND TO $700 TODAY***"
491,C — Normative Pressure,top_score_743,"People with fractional shares are still diamond hand heroes. Stay strong, brother."
491,C — Normative Pressure,top_score_442,"Around 6 million autists on the sub now. The Chinese and the Indians are the biggest diamond hands out there except for DFV. T212 allowed buy orders again, I will be getting back at any price. Don't underestimate the power of a bunch of pissed off people buying shares of a stock which still has over 100% short-interest. It is literally impossible for them to cover so HOLD THE LINE NO MATTER WHAT."
502,B — Identity Framing,top_score_4068,We can occupy Wall Street from the toilet now
502,B — Identity Framing,top_score_3261,The real occupy Wall Street
502,B — Identity Framing,top_score_2370,"THIS is how you occupy Wall Street

By occupying shares, not an actual street"
502,B — Identity Framing,top_score_1388,"For real this shit is starting to feel like ""occupy wallstreet"" but we're actually playing by their ""rules"" instead of using jazz hands instead of clapping in the park and ""they"" fucking hate it. Good on you brother, we're all gonna make it."
502,B — Identity Framing,top_score_1290,"There definitely is. During the Occupy Wallstreet movement I thought all those guys were worthless bums looking for a handout.

Today I would probably agree with them."
512,B — Identity Framing,top_score_6805,"TELL HER TO HOLD THE FUCKING STOCKS

Edit: WE LIKE STONKS AND APE R STRONG TOGETHER 🦍

APES TO ASTRONAUTS"
512,B — Identity Framing,top_score_4347,"#APES TOGETHER STONK 💎🙌

# HoldForHarambe


Edit: please no awards, save your cash for some more sweet GME stock, or failing that a cigar or little pleasure once all of this is done; we've earned it.

#Edit 2: stop awarding this 'tards. Instead share the love at r/MomForAMinute, some of them really need a little boost. (But thank you!)

Edit 3: I forgot, nobody here can read, so I'll spell it out for you
#🏆=🚫
#💎🙌=🚀🌛"
512,B — Identity Framing,top_score_541,JUST BUY MORONS APE TOGETHER STRONK 🦍🦍🦍🦍
512,B — Identity Framing,top_score_488,APES TOGETHER STRONK
512,B — Identity Framing,top_score_442,"Ape think bluff, ape hold. ape love stonks, ape keep stonks"
529,C — Normative Pressure,top_score_2687,While you’re at it HOLD AND BUY 🚀🚀🚀
529,C — Normative Pressure,top_score_898,"TLDR; prepare, hold and then buy the share

&amp;#x200B;

edit: we love the community  💎✋"
529,C — Normative Pressure,top_score_586,"I've been practicing my whole life. The money for my shares is already gone as far as I'm concerned, HOLD ✋💎✋"
529,C — Normative Pressure,top_score_263,BUY AND FUCKING HOLD 💎🤲💎🤲💎🤲💎🤲💎🤲💎🤲💎🤲💎🤲
529,C — Normative Pressure,top_score_252,Just put in a buy for MODS. Holding it til 🚀🚀🚀
581,C — Normative Pressure,top_score_408,Been holding BB for the last three days with a fucking death grip. I am balls deep. But still holding. Let's do this!!
581,C — Normative Pressure,top_score_355,REAL BBs HOLD BB 😫🚀
581,C — Normative Pressure,top_score_226,Must be holding BB and BBC.
581,C — Normative Pressure,top_score_220,I need BB to 🚀or else I’ll be holding like a tard🚀🚀🚀
581,C — Normative Pressure,top_score_198,"So... hold BB?

Edit: thank you to all who have helped to assuage a fellow retard."
691,C — Normative Pressure,top_score_1643,HOLD THE LINE !!!
691,C — Normative Pressure,top_score_282,Lawsuit!!
691,C — Normative Pressure,top_score_187,DAMN!  So much more opportunity!  Hold the line!
691,C — Normative Pressure,top_score_166,Quiet down in there!!
691,C — Normative Pressure,top_score_95,HOLD THE LINE. DONT BE COWARDS!
706,C — Normative Pressure,top_score_166,HOLD THE FUCKING LINE. I'M NOT FUCKING LEAVING.
706,C — Normative Pressure,top_score_122,Hold. The. Line.
706,C — Normative Pressure,top_score_84,GOD BLESS - HOLD THE FUCKING LINE
706,C — Normative Pressure,top_score_79,Hold the fucking line
706,C — Normative Pressure,top_score_66,Hold the fucking LINE
708,C — Normative Pressure,top_score_1273,I heard there's a special fund filled with tendies for those that whistlesblow...👀
708,C — Normative Pressure,top_score_1162,"Grandma is so hungry for tendies, she's about to go full ape! Look at that smile. 🧓=🦍 She wants a ride to the moon with us!
💎👐🚀🚀🚀🌕"
708,C — Normative Pressure,top_score_523,“That’s no moon...  It’s a tendie station.”
708,C — Normative Pressure,top_score_510,Spaceship full of choccy milk and tendies.
708,C — Normative Pressure,top_score_408,"FUCK CNBC. 

WE GOING TO THE MOON AND TAKING TENDIES WITH US !🌕"
720,C — Normative Pressure,top_score_693,"Weak ass kid, hold the line"
720,C — Normative Pressure,top_score_570,Hold the line 💎✋
720,C — Normative Pressure,top_score_462,So hold the fucking line?
720,C — Normative Pressure,top_score_280,I’m holding the line like I’d hold some dick ✊🏿
720,C — Normative Pressure,top_score_214,HOLD THE LINE
722,C — Normative Pressure,top_score_1333,STOP FUCKIN SELLING
722,C — Normative Pressure,top_score_632,DONT FUCKING SELL.
722,C — Normative Pressure,top_score_153,i cant fucking sell
722,C — Normative Pressure,top_score_132,DON'T FUCKING SELL DONT LET THEM WIN
722,C — Normative Pressure,top_score_121,If you fucking sold delete your account
730,A — Uncertainty Expressions,top_score_59,Curious for myself as well.
730,A — Uncertainty Expressions,top_score_39,Was wondering the same thing thanks for asking the question
730,A — Uncertainty Expressions,top_score_25,Wondering the same thing before I send in my info
730,A — Uncertainty Expressions,top_score_13,I’m wondering the same thing.
730,A — Uncertainty Expressions,top_score_13,I was wondering the same thing.
768,C — Normative Pressure,top_score_221,It's been on sale all day though!
768,C — Normative Pressure,top_score_169,Basically everything else is on sale? Might do some shopping later lmao
768,C — Normative Pressure,top_score_87,They are just on sale
768,C — Normative Pressure,top_score_72,I think there will be a sale on boats next week!
768,C — Normative Pressure,top_score_62,Just on black friday sale my friend
855,C — Normative Pressure,top_score_832,Yeah the Spartans won. Duh.
855,C — Normative Pressure,top_score_728,"I am ~~Spartacus~~ **GAMESTONK**

🚀💎🖐"
855,C — Normative Pressure,top_score_242,Wait.  Then who were the Trojans?
855,C — Normative Pressure,top_score_217,"Spartans! Ready your breakfast and eat hearty, for tonight, we dine in hell!

$1000 or $0 we HOLDDDDD"
855,C — Normative Pressure,top_score_141,"You skipped the best part bro

When the persians forward momentum stops

And the Spartans say ""HOLD""

And then the Spartans say ""PUSH!""

And then the Persians go  ----------------&gt;

That is Friday"
872,A — Uncertainty Expressions,top_score_615,"""comparison is the thief of joy"" saw that on a u/deepfuckingvalue post, sounded deep but idk what it means except GME💎🙌"
872,A — Uncertainty Expressions,top_score_303,"I'm dumb, what does this mean?"
872,A — Uncertainty Expressions,top_score_186,what does this mean?  not sure what happen
872,A — Uncertainty Expressions,top_score_89,What does this say??
872,A — Uncertainty Expressions,top_score_52,I saw this. What does this mean?
892,C — Normative Pressure,top_score_960,HOLD THE LINE
892,C — Normative Pressure,top_score_472,HOLD THE LINE
892,C — Normative Pressure,top_score_336,And hold the fucking line.
892,C — Normative Pressure,top_score_137,HOLD THE LINE
892,C — Normative Pressure,top_score_115,HOLD THE LINE 💎🖐️
917,B — Identity Framing,top_score_513,I'm going to be sleeping in my spacesuit tonight.🚀🚀🚀🚀 See you guys on the moon🚀🚀🚀
917,B — Identity Framing,top_score_105,You and me both. But who needs planes when we're going to _space?!_
917,B — Identity Framing,top_score_102,What like when we're in outerspace?
917,B — Identity Framing,top_score_97,No astronaut left behind
917,B — Identity Framing,top_score_91,Can’t wait to be squoze into the spaceship with all of my friends.
952,C — Normative Pressure,top_score_6210,"Hold and buy.

Edit: Bold ünd huy."
952,C — Normative Pressure,top_score_580,🤲🏻💎 Hold and buy
952,C — Normative Pressure,top_score_414,Hold or if you can BUY
952,C — Normative Pressure,top_score_46,hold and buy
952,C — Normative Pressure,top_score_43,"Don’t just hold, BUY"
978,C — Normative Pressure,top_score_2634,"And he didn't sell, the balls on this kitty I stg"
978,C — Normative Pressure,top_score_860,"He sold so you could buy.

Someone's gotta be on the other end!"
978,C — Normative Pressure,top_score_714,"Upvote this, he knows but he needs to know that we know. You can't say when you'll sell because it will collapse so fast just find a way to give us a sign so we can all collapse in, like an atomic bomb."
978,C — Normative Pressure,top_score_433,Except for that guy who sold to pay his dog's medical bills lol
978,C — Normative Pressure,top_score_385,"I expected him to sell 5-6 updates ago tbh, it's okay."
1008,C — Normative Pressure,top_score_647,HOLD THE LINE
1008,C — Normative Pressure,top_score_594,HOLD THE LINE 🙌💎🙌💎🙌🚀🚀🚀
1008,C — Normative Pressure,top_score_194,LINE.
1008,C — Normative Pressure,top_score_175,HOLD THE LINE
1008,C — Normative Pressure,top_score_175,HOLD THE LINE THIS IS WHERE HEROES ARE MADE
1018,B — Identity Framing,top_score_1613,Yeah but the difference is that retail users don’t have a billion dollar lobby industry unlike certain cunt industries
1018,B — Identity Framing,top_score_1567,Retail Lives Matter?
1018,B — Identity Framing,top_score_791,There seem to be whales on the long side. Retail is not doing this.
1018,B — Identity Framing,top_score_609,They hate it when retail &gt;&gt; institutional power.
1018,B — Identity Framing,top_score_608,They were never on the retailer's side to begin with. All marketing.
1036,A — Uncertainty Expressions,top_score_98,How is it illegal?
1036,A — Uncertainty Expressions,top_score_57,HOW
1036,A — Uncertainty Expressions,top_score_31,How? I want to understand
1036,A — Uncertainty Expressions,top_score_29,How?
1036,A — Uncertainty Expressions,top_score_27,How?
1054,C — Normative Pressure,top_score_125,BUY AND HOLD! 🤲🏾💎🚀🚀🚀 This is the way!
1054,C — Normative Pressure,top_score_122,Shares and HOLD! 💎👐🏻
1054,C — Normative Pressure,top_score_117,We buy. We hold. We buy AGAIN!!
1054,C — Normative Pressure,top_score_95,Bought another $40k. HOLD AND BUY!
1054,C — Normative Pressure,top_score_92,Buy and Hold!
1109,B — Identity Framing,top_score_2711,It's because Citadel is the primary market maker for both and they're getting ass-blasted. Ken Griffin having a bad week.
1109,B — Identity Framing,top_score_1192,"In since $18.

💎👐 till Citadel collapses.

🍗🍗🍗 are now just a bonus"
1109,B — Identity Framing,top_score_887,"Citadel is both 

- A Huge Hedge Fund (one of the biggest)
- The biggest MM

How the fuck is that **NOT** a conflict of interest ?

They are probably the reason the market crashed today. Meanwhile the Fucking SEC is out there investigating a bunch of shitposts on a Mongolian Basket Weaving Forum.

If you work for the SEC and read this : Jesus Christ You fucking suck you stupid Boomer mongoloid."
1109,B — Identity Framing,top_score_858,This doesn't mean much honestly. Citadel is probably the 5th largest holder of every stock. You'll basically need to keep the whole market down.
1109,B — Identity Framing,top_score_506,"Andrew Left and Gabe Plotkins is definitely crying in front of their screens right now, Citadel could have shut their fucking mouth and not get involved with the shorting but hey thanks for the wealth redistribution."
1114,C — Normative Pressure,top_score_2944,LOL IF ANYONE THINKS IM SELLING AT $1K
1114,C — Normative Pressure,top_score_368,Don't fuking sell @ 1k
1114,C — Normative Pressure,top_score_133,WE ONLY SELL AT 10K
1114,C — Normative Pressure,top_score_116,"I admit its gonna be tempting to sell at 1k but Ill try to hold till at least 10k ( is it even possible ?? ) 

🚀🚀🚀🚀🚀"
1114,C — Normative Pressure,top_score_96,Sell at 10k
1170,A — Uncertainty Expressions,top_score_247,I hope it doesn’t get patched any time soon
1170,A — Uncertainty Expressions,top_score_62,You can even [see the picture of the original bug](https://www.nationalgeographic.org/thisday/sep9/worlds-first-computer-bug/)
1170,A — Uncertainty Expressions,top_score_42,"You say bug, but i would call that a sweet feature."
1170,A — Uncertainty Expressions,top_score_34,"Not a glitch, more of the same manipulation"
1170,A — Uncertainty Expressions,top_score_32,does this glitch still work or has it been patched plz help i want to lvl up
1193,B — Identity Framing,top_score_2372,I don’t understand why don’t rich wealthy people do this ?
1193,B — Identity Framing,top_score_943,We all feel disdain towards the rich.
1193,B — Identity Framing,top_score_501,"Rich kids most probably, but it doesn't matter like you said 
🚀🚀🚀"
1193,B — Identity Framing,top_score_474,"They just like their exclusive lifestyle and flaunting it in our faces. Idc for their lifestyle they can have all that shit, I just want to be comfortable. Gosh the wealthy are such sensitive mfers."
1193,B — Identity Framing,top_score_257,I dont even hate rich people I hate cunts that blatantly cheat and get away with it
1196,C — Normative Pressure,top_score_639,300 BROTHER HOLDING THE LINE  💎🤚  🚀🚀🚀🚀🚀
1196,C — Normative Pressure,top_score_561,HOLD THE LINE &amp; STAY 💪🏻
1196,C — Normative Pressure,top_score_498,HOLD THE LINE 💎👐💎
1196,C — Normative Pressure,top_score_490,One move.....Hold the fucking line sir💎🤲🏻🖕🏻
1196,C — Normative Pressure,top_score_246,We need to spread the word and tell people to hold the line 💎💎💎🤚🤚🤚🤚
1201,B — Identity Framing,top_score_1521,Ape together strong
1201,B — Identity Framing,top_score_916,APES STRONG TOGETHER
1201,B — Identity Framing,top_score_601,APES TOGETHER STRONG
1201,B — Identity Framing,top_score_558,**APE TOGETHER STRONG**
1201,B — Identity Framing,top_score_223,APES TOGETHER STRONG
1233,B — Identity Framing,top_score_1023,This is snowballing into a mini class war. Hold on to your arms.
1233,B — Identity Framing,top_score_981,"How bout a class war? They started it, after all."
1233,B — Identity Framing,top_score_872,#AINT NO WAR BUT A CLASS WAR
1233,B — Identity Framing,top_score_771,We need to class warfare them right back.
1233,B — Identity Framing,top_score_709,"Yeah it's class warfare and I couldn't be more proud to be fighting with my fellow retards. 

WE. WONT. FUCKING. STOP."
1242,C — Normative Pressure,top_score_1016,I noticed that there’s a lot of those bots saying that their panic selling. I definitely agree
1242,C — Normative Pressure,top_score_672,Honestly feel bad for those who panic sold. 😂
1242,C — Normative Pressure,top_score_499,"Read a quote the other day. We’re not panic selling, we’re rage buying."
1242,C — Normative Pressure,top_score_182,"And this is why you never panic sell, stick to your plans and never let your emotions handle your trades"
1242,C — Normative Pressure,top_score_177,WHY ARE WE PANIC SELLING. HOLD THE LINE.
1249,C — Normative Pressure,top_score_779,Diamond hands drill 💎🙌💎
1249,C — Normative Pressure,top_score_602,Diamond hands 💎🙌🏻💎🙌🏻💎🙌🏻
1249,C — Normative Pressure,top_score_464,Diamond hands 💎🙌
1249,C — Normative Pressure,top_score_363,DFV HANDS 🙌💎🙌💎
1249,C — Normative Pressure,top_score_309,Diamond hands Lads. 💎👐
1276,B — Identity Framing,top_score_1012,"Nice try, hedgie spy."
1276,B — Identity Framing,top_score_137,"Cheer up hedgies, after getting fucked this hard you might get chocolates for valentines day."
1276,B — Identity Framing,top_score_122,God damn I am so jealous of you guys that have money to do this. If I wasn’t in debt from medical bills I’d be yololing with you. Fuck the hedgies. Keeps holding. You guys rule.
1276,B — Identity Framing,top_score_83,hedgies get wedgies
1276,B — Identity Framing,top_score_81,The hedgies don't have the memes necessary to alter my course of action.
1279,B — Identity Framing,top_score_377,Together strong! 🚀🚀🚀
1279,B — Identity Framing,top_score_311,Polish people strong together too 🦍🦍💪💪
1279,B — Identity Framing,top_score_248,🦍 strong together. We will come back for you on the slingshot to the moon.
1279,B — Identity Framing,top_score_209,ONLY THE STRONG (💎) SURVIVE!
1279,B — Identity Framing,top_score_116,PUPS TOGETHER STRONG
1281,C — Normative Pressure,top_score_910,Pffff... just hold 😑 ... its no rocket science!
1281,C — Normative Pressure,top_score_482,Please keep your hands and feet inside the 🚀 at all times
1281,C — Normative Pressure,top_score_209,HOLD THE LINE AT 300💎🙌🍆🚀🚀🚀
1281,C — Normative Pressure,top_score_179,And hold the 🍌
1281,C — Normative Pressure,top_score_174,HOLD 💎 🙌
1289,C — Normative Pressure,top_score_294,That’s a huge cash balance. Did you sell bruh
1289,C — Normative Pressure,top_score_107,Did you sell?
1289,C — Normative Pressure,top_score_72,So you sold...
1289,C — Normative Pressure,top_score_59,did you keep it tho
1289,C — Normative Pressure,top_score_51,Did you sell? Holy shit what a day
1341,C — Normative Pressure,top_score_1605,"I'm only going to say this once today.

HOLD THE FUCKING LINE YOU PAPER HANDED FUCKS. 

DO NOT BE AFRAID OF THE DIPS, CONSIDER THEM DISCOUNTS AND BUY BUY BUY.

THEN WHAT DO YOU DO?

YOU FUCKING HOLD, HOLD THEM LIKE YOUR WIFES BF HOLDS HER EVERY NIGHT.

SOON YOU TOO WILL HAVE HANDS OF DIAMONDS, FORGED IN THE FIRES OF MELVIN CAP AND TEMPERED BY THE TEARS THAT USED TO FALL FROM YOUR EYES THAT YOU USED TO USE AS LUBRICATION TO TOUCH YOURSELF.

BUY THE DIP, HOLD THE SHIT, 1000 IS NOT A MEME.

#DIAMONDHANDGANGFORLIFE

🚀✊💦💎


I am not a professional this is my opinion."
1341,C — Normative Pressure,top_score_897,"Yeah, it's easy to talk about diamond hands when you're up 200%. Get those fucking 💎👐 out now boys. Buy the dip!"
1341,C — Normative Pressure,top_score_436,# YOU FUCKING PAPER HANDED BITCHES CALL THIS A DIP? I REMEMBER WHEN GME DIPPED 6% YEAH...THEN IT FUCKING ROCKETED UP 40% YOU DUMB FUCK. DIAMOND HANDS
1341,C — Normative Pressure,top_score_160,The dip happening right now is meant to scare. Diamond hands this shit.
1341,C — Normative Pressure,top_score_119,"Shares - Held

Dips - Bought

Hands - Diamond

Dick - Hard

Re - Tard"
1354,C — Normative Pressure,top_score_100,Simple. Don't sell.
1354,C — Normative Pressure,top_score_89,DONT SELL
1354,C — Normative Pressure,top_score_49,Just dont sell
1354,C — Normative Pressure,top_score_45,DONT SELL
1354,C — Normative Pressure,top_score_42,STOP SELLING
1370,C — Normative Pressure,top_score_1035,HOLD HOLD HOLD
1370,C — Normative Pressure,top_score_638,HOLD THE LINE!
1370,C — Normative Pressure,top_score_57,"That’s the spirit, hold hold hold"
1370,C — Normative Pressure,top_score_32,HOLD. HOLD. HOLD
1370,C — Normative Pressure,top_score_31,Hold... seriously. Hold.
1371,C — Normative Pressure,top_score_197,💎 🙌
1371,C — Normative Pressure,top_score_184,✋💎✋ 🚀🚀🚀
1371,C — Normative Pressure,top_score_110,✋💎  ✋💎
1371,C — Normative Pressure,top_score_80,"🚀📈

👨‍💼📉"
1371,C — Normative Pressure,top_score_46,🚫📄 🙌
1407,A — Uncertainty Expressions,top_score_72,"People still hyping AMC, etc need to fuck off.  Now is not the time. 💎🖕"
1407,A — Uncertainty Expressions,top_score_47,What’s happening in AMC??! Do i stay??
1407,A — Uncertainty Expressions,top_score_47,Where did the AMC push come from?
1407,A — Uncertainty Expressions,top_score_43,What's going on with AMC?
1407,A — Uncertainty Expressions,top_score_40,AMC is absolutely bleeding me holy shit.
1428,B — Identity Framing,top_score_1078,Welcome to the jungle
1428,B — Identity Framing,top_score_102,Welcome to the fucking club. 💎👐🏻
1428,B — Identity Framing,top_score_72,Welcome to the horde.
1428,B — Identity Framing,top_score_53,Welcome to the family
1428,B — Identity Framing,top_score_47,WELCOME TO THE RANKS
1463,C — Normative Pressure,top_score_213,"They sold at 150 so we can sell at 1,000 🚀🚀🚀"
1463,C — Normative Pressure,top_score_134,"Jesus christ can you fucking retards just push the price over 150 already so I can actually do my job instead of starting at a chart

Edit: OH FUCK I'M GONNA CUM

Edit 2: What in the fuck is going on. I hope my boss doesn't expect me to accomplish anything today"
1463,C — Normative Pressure,top_score_66,take profit 120? Nah 1200
1463,C — Normative Pressure,top_score_53,"People who are selling in the $90's, what is wrong with you? We got people we need to pick up at $150"
1463,C — Normative Pressure,top_score_52,Oh snap he didn’t sell at 160
1502,C — Normative Pressure,top_score_116,"That is way to aggressive, hedgies have to be breast fed after the slightest inconvenience GME 🚀🚀🚀🚀🚀"
1502,C — Normative Pressure,top_score_109,We hold baby
1502,C — Normative Pressure,top_score_85,Also single mom here; my son loves that we're holding.
1502,C — Normative Pressure,top_score_74,HOLD BABIES
1502,C — Normative Pressure,top_score_50,And that's why we hold baby. It's more then that. 💎✋always. Crayons and maths don't lie
1508,C — Normative Pressure,top_score_1034,".　　　　　　　　　　 ✦ 　　　　   　 　　　˚　　　　　　　　　　　　　　\*　　　　　　   　　　　　　　　　　　　　　　.　　　　　　　　　　　　　　. 　　 　　　　　　　 ✦ 　　　　　　　　　　 　 ‍ ‍ ‍ ‍ 　　　　 　　　　　　　　　　　　,　　   　

.　　　　　　　　　　　　　.　　　ﾟ　  　　　.　　　　　　　　　　　☀️If we hold　　.

,　　　　　　　.　　　　　　    　　　　 　　　　　　　　　　　　　　　　　　  　　　　　　　　　　　　　　　　　　    　      　　　　　        　　　

　　　　　　　　　　. 　　　　　　　　　　.　　　　　　　　　　　　　. 　　　　　　　　　　　　　　　　       　   　　　　 　　　　　　　　　　　　　　　　       　   　　　　　　　　　　　　　　　　       　    ✦ 　   　　　,　　　　　　　　　　　    🚀 $GME 　　　　 　　,　　　 ‍ ‍ ‍ ‍ 　 　　　　　　　　　　　　.　　　　　 　　 　　　.　　　　　　　　　　　　　 　           　　　　　　　　　　　　　　　　　　　˚　　　 　   　　　　,　　　　　　　　　　　       　    　　　　　　　　　　　　　　　　.　　　  　　    　　　　　 　　　　　.　　　　　　　　　　　　　.　　　　　　　　　　　　　　　\* 　　   　　　　　 ✦ 　　　　　　　         　        　　　　 　　 　　　　　　　 　　　　　.　　　　　　　　　　　　　　　　　　.　　　　　    　　. 　 　　　　　.　　　　 🌑 　　　　　   　　　　　.　　　　　　　　　　　.　　　　　　　　　　   　

˚　　　　　　　　　　　　　　　　　　　　　ﾟ　　　　　.　　　　　　　　　　　　　　　. 　　 　 🌎 ‍ ‍ If we sell ‍ ‍ ‍ ‍ ‍ ‍ ‍ ,　 　　　　　　　　　　　　　　\* .　　　　　 　　　　　　　　　　　　　　.　　　　　　　　　　 ✦ 　　　　   　 　　　˚　　　　　　　　　　　　　　\*　　　　　　   　　　　　　　　　　　　　　　."
1508,C — Normative Pressure,top_score_670,".　　　　　　　　　　 ✦ 　　　　   　 　　　˚　　　　　　　　　　　　　　\*　　　　　　   　　　　　　　　　　　　　　　.　　　　　　　　　　　　　　. 　　 　　　　　　　 ✦ 　　　　　　　　　　 　 ‍ ‍ ‍ ‍ 　　　　 　　　　　　　　　　　　,　　   　

.　　　　　　　　　　　　　.　　　ﾟ　  　　　.　　　　　　　　　　　☀️If we hold　　.

,　　　　　　　.　　　　　　    　　　　 　　　　　　　　　　　　　　　　　　  　　　　　　　　　　　　　　　　　　    　      　　　　　        　　　

　　　　　　　　　　. 　　　　　　　　　　.　　　　　　　　　　　　　. 　　　　　　　　　　　　　　　　       　   　　　　 　　　　　　　　　　　　　　　　       　   　　　　　　　　　　　　　　　　       　    ✦ 　   　　　,　　　　　　　　　　　    🚀 $GME 　　　　 　　,　　　 ‍ ‍ ‍ ‍ 　 　　　　　　　　　　　　.　　　　　 　　 　　　.　　　　　　　　　　　　　 　           　　　　　　　　　　　　　　　　　　　˚　　　 　   　　　　,　　　　　　　　　　　       　    　　　　　　　　　　　　　　　　.　　　  　　    　　　　　 　　　　　.　　　　　　　　　　　　　.　　　　　　　　　　　　　　　\* 　　   　　　　　 ✦ 　　　　　　　         　        　　　　 　　 　　　　　　　 　　　　　.　　　　　　　　　　　　　　　　　　.　　　　　    　　. 　 　　　　　.　　　　 🌑 　　　　　   　　　　　.　　　　　　　　　　　.　　　　　　　　　　   　

˚　　　　　　　　　　　　　　　　　　　　　ﾟ　　　　　.　　　　　　　　　　　　　　　. 　　 　 🌎 ‍ ‍ If we sell ‍ ‍ ‍ ‍ ‍ ‍ ‍ ,　 　　　　　　　　　　　　　　\* .　　　　　 　　　　　　　　　　　　　　.　　　　　　　　　　 ✦ 　　　　   　 　　　˚　　　　　　　　　　　　　　\*　　　　　　   　　　　　　　　　　　　　　　."
1508,C — Normative Pressure,top_score_655,".　　　　　　　　　　 ✦ 　　　　   　 　　　˚　　　　　　　　　　　　　　*　　　　　　   　　　　　　　　　　　　　　　.　　　　　　　　　　　　　　. 　　 　　　　　　　 ✦ 　　　　　　　　　　 　 ‍ ‍ ‍ ‍ 　　　　 　　　　　　　　　　　　,　　   　

.　　　　　　　　　　　　　.　　　ﾟ　  　　　.　　　　　　　　　　　☀️If we hold　　.

,　　　　　　　.　　　　　　    　　　　 　　　　　　　　　　　　　　　　　　  　　　　　　　　　　　　　　　　　　    　      　　　　　        　　　

　　　　　　　　　　. 　　　　　　　　　　.　　　　　　　　　　　　　. 　　　　　　　　　　　　　　　　       　   　　　　 　　　　　　　　　　　　　　　　       　   　　　　　　　　　　　　　　　　       　    ✦ 　   　　　,　　　　　　　　　　　    🚀 $GME 　　　　 　　,　　　 ‍ ‍ ‍ ‍ 　 　　　　　　　　　　　　.　　　　　 　　 　　　.　　　　　　　　　　　　　 　           　　　　　　　　　　　　　　　　　　　˚　　　 　   　　　　,　　　　　　　　　　　       　    　　　　　　　　　　　　　　　　.　　　  　　    　　　　　 　　　　　.　　　　　　　　　　　　　.　　　　　　　　　　　　　　　* 　　   　　　　　 ✦ 　　　　　　　         　        　　　　 　　 　　　　　　　 　　　　　.　　　　　　　　　　　　　　　　　　.　　　　　    　　. 　 　　　　　.　　　　 🌑 　　　　　   　　　　　.　　　　　　　　　　　.　　　　　　　　　　   　

˚　　　　　　　　　　　　　　　　　　　　　ﾟ　　　　　.　　　　　　　　　　　　　　　. 　　 　 🌎 ‍ ‍ If we sell ‍ ‍ ‍ ‍ ‍ ‍ ‍ ,　 　　　　　　　　　　　　　　* .　　　　　 　　　　　　　　　　　　　　.　　　　　　　　　　 ✦ 　　　　   　 　　　˚　　　　　　　　　　　　　　*　　　　　　   　　　　　　　　　　　　　　　."
1508,C — Normative Pressure,top_score_619,".　　　　　　　　　　 ✦ 　　　　   　 　　　˚　　　　　　　　　　　　　　\*　　　　　　   　　　　　　　　　　　　　　　.　　　　　　　　　　　　　　. 　　 　　　　　　　 ✦ 　　　　　　　　　　 　 ‍ ‍ ‍ ‍ 　　　　 　　　　　　　　　　　　,　　   　

.　　　　　　　　　　　　　.　　　ﾟ　  　　　.　　　　　　　　　　　☀️If we hold　　.

,　　　　　　　.　　　　　　    　　　　 　　　　　　　　　　　　　　　　　　  　　　　　　　　　　　　　　　　　　    　      　　　　　        　　　

　　　　　　　　　　. 　　　　　　　　　　.　　　　　　　　　　　　　. 　　　　　　　　　　　　　　　　       　   　　　　 　　　　　　　　　　　　　　　　       　   　　　　　　　　　　　　　　　　       　    ✦ 　   　　　,　　　　　　　　　　　    🚀 $GME 　　　　 　　,　　　 ‍ ‍ ‍ ‍ 　 　　　　　　　　　　　　.　　　　　 　　 　　　.　　　　　　　　　　　　　 　           　　　　　　　　　　　　　　　　　　　˚　　　 　   　　　　,　　　　　　　　　　　       　    　　　　　　　　　　　　　　　　.　　　  　　    　　　　　 　　　　　.　　　　　　　　　　　　　.　　　　　　　　　　　　　　　\* 　　   　　　　　 ✦ 　　　　　　　         　        　　　　 　　 　　　　　　　 　　　　　.　　　　　　　　　　　　　　　　　　.　　　　　    　　. 　 　　　　　.　　　　 🌑 　　　　　   　　　　　.　　　　　　　　　　　.　　　　　　　　　　   　

˚　　　　　　　　　　　　　　　　　　　　　ﾟ　　　　　.　　　　　　　　　　　　　　　. 　　 　 🌎 ‍ ‍ If we sell ‍ ‍ ‍ ‍ ‍ ‍ ‍ ,　 　　　　　　　　　　　　　　\* .　　　　　 　　　　　　　　　　　　　　.　　　　　　　　　　 ✦ 　　　　   　 　　　˚　　　　　　　　　　　　　　\*　　　　　　   　　　　　　　　　　　　　　　."
1508,C — Normative Pressure,top_score_485,".　　　　　　　　　　 ✦ 　　　　   　 　　　˚　　　　　　　　　　　　　　\*　　　　　　   　　　　　　　　　　　　　　　.　　　　　　　　　　　　　　. 　　 　　　　　　　 ✦ 　　　　　　　　　　 　 ‍ ‍ ‍ ‍ 　　　　 　　　　　　　　　　　　,　　   　

.　　　　　　　　　　　　　.　　　ﾟ　  　　　.　　　　　　　　　　　☀️If we hold　　.

,　　　　　　　.　　　　　　    　　　　 　　　　　　　　　　　　　　　　　　  　　　　　　　　　　　　　　　　　　    　      　　　　　        　　　

　　　　　　　　　　. 　　　　　　　　　　.　　　　　　　　　　　　　. 　　　　　　　　　　　　　　　　       　   　　　　 　　　　　　　　　　　　　　　　       　   　　　　　　　　　　　　　　　　       　    ✦ 　   　　　,　　　　　　　　　　　    🚀 $GME 　　　　 　　,　　　 ‍ ‍ ‍ ‍ 　 　　　　　　　　　　　　.　　　　　 　　 　　　.　　　　　　　　　　　　　 　           　　　　　　　　　　　　　　　　　　　˚　　　 　   　　　　,　　　　　　　　　　　       　    　　　　　　　　　　　　　　　　.　　　  　　    　　　　　 　　　　　.　　　　　　　　　　　　　.　　　　　　　　　　　　　　　\* 　　   　　　　　 ✦ 　　　　　　　         　        　　　　 　　 　　　　　　　 　　　　　.　　　　　　　　　　　　　　　　　　.　　　　　    　　. 　 　　　　　.　　　　 🌑 　　　　　   　　　　　.　　　　　　　　　　　.　　　　　　　　　　   　

˚　　　　　　　　　　　　　　　　　　　　　ﾟ　　　　　.　　　　　　　　　　　　　　　. 　　 　 🌎 ‍ ‍ If we sell ‍ ‍ ‍ ‍ ‍ ‍ ‍ ,　 　　　　　　　　　　　　　　\* .　　　　　 　　　　　　　　　　　　　　.　　　　　　　　　　 ✦ 　　　　   　 　　　˚　　　　　　　　　　　　　　\*　　　　　　   　　　　　　　　　　　　　　　."
1509,C — Normative Pressure,top_score_133,🙊
1509,C — Normative Pressure,top_score_104,😳
1509,C — Normative Pressure,top_score_58,YOLO🚀🚀🚀🚀
1509,C — Normative Pressure,top_score_43,🥜🥜🥜
1509,C — Normative Pressure,top_score_40,🥇
1550,B — Identity Framing,top_score_1631,🦍🦍🦍🦍🚀🚀🚀🚀 gorilla fly to the moon with us.
1550,B — Identity Framing,top_score_218,"MONKEY HURT BY BIG NAME

MONKEY HURT BACK  


HOLD APES, WE SPACE MONKE SOON!"
1550,B — Identity Framing,top_score_183,i don’t understand. all i know is ape go up in rocket. space bananas 💎🙌🏼
1550,B — Identity Framing,top_score_176,"Sir, I am an Astronautical Engineer. This is in fact not 🚀 science. A Monkey could get rich if they held long enough. 🚀🚀🚀🚀"
1550,B — Identity Framing,top_score_106,Long time ago there was ape Super Bowl commercial. He went to moon.
1585,A — Uncertainty Expressions,top_score_116,"BB pulled the most savage Bear trap today. ""It doesn't look like anything to me"" proceeds to partner with a 86 billion dollar company hours later"""
1585,A — Uncertainty Expressions,top_score_78,What are you expecting BB to get to?
1585,A — Uncertainty Expressions,top_score_67,How are we feeling about BB
1585,A — Uncertainty Expressions,top_score_46,"BB has been going on for a while, that isn’t new."
1585,A — Uncertainty Expressions,top_score_44,Same thing happened with BB 1-2 weeks ago
1618,C — Normative Pressure,top_score_558,"I’m no math scientist, but I think I finally understand DFV’s play:

Sell= 🌎📄👎

Hold= 🚀🚀🚀🌕🌕🌕💎👐💎👐💎"
1618,C — Normative Pressure,top_score_117,BUY IN AND HOLDDD
1618,C — Normative Pressure,top_score_86,How long should I repeat ? BUY AND HOLD
1618,C — Normative Pressure,top_score_42,ALL HOLD ALL BUY
1618,C — Normative Pressure,top_score_34,BUY BUY BUY BUY BUY HOLD HOLD HOLD HOLD
1637,C — Normative Pressure,top_score_331,HOLD HOLD HOLD HOLD
1637,C — Normative Pressure,top_score_272,Hold Hold Hold
1637,C — Normative Pressure,top_score_131,HOLD THE LINE
1637,C — Normative Pressure,top_score_83,HOLD HOLD HOLD
1637,C — Normative Pressure,top_score_30,Hold hold hold
1655,C — Normative Pressure,top_score_1937,STILL HOLDING BABY
1655,C — Normative Pressure,top_score_1503,WHO’S STILL HOLDING
1655,C — Normative Pressure,top_score_199,Don’t care still holding
1655,C — Normative Pressure,top_score_73,"Still holding, just trying to get more clarity besides hurr durr Gamestonk!!"
1655,C — Normative Pressure,top_score_57,It's going down. But still holding.
1699,C — Normative Pressure,top_score_1202,Never sell
1699,C — Normative Pressure,top_score_592,NEVER FUCKING SELL
1699,C — Normative Pressure,top_score_172,"And we never, ever, sell"
1699,C — Normative Pressure,top_score_148,He'll never sell.
1699,C — Normative Pressure,top_score_72,Never selling.
1803,A — Uncertainty Expressions,top_score_207,Wait what happened?
1803,A — Uncertainty Expressions,top_score_28,what happen
1803,A — Uncertainty Expressions,top_score_13,Tell us what happen
1803,A — Uncertainty Expressions,top_score_10,What happened?
1803,A — Uncertainty Expressions,top_score_8,What happened?
1813,C — Normative Pressure,top_score_9775,Tell your customers to hold the fucking line
1813,C — Normative Pressure,top_score_89,Take my cum and RUN!!!!! HOLD! HOLD! HOLD!
1813,C — Normative Pressure,top_score_59,HOLD THE LINE
1813,C — Normative Pressure,top_score_56,HOLD THE LINE
1813,C — Normative Pressure,top_score_55,HOLD THE LINE
1873,C — Normative Pressure,top_score_2038,"No selling until the squeeze is squoze.

https://isthesqueezesquoze.com/

If you sell before the squeeze, they win and this has all been for nothing. 

#HOLD 💎✋🚀🚀🚀"
1873,C — Normative Pressure,top_score_804,"#No selling until the squeeze is squoze.

https://isthesqueezesquoze.com/

If you sell before the squeeze, they win and this has all been for nothing. 

#HOLD 💎✋🚀🚀🚀"
1873,C — Normative Pressure,top_score_743,"#No selling until the squeeze is squoze.

https://isthesqueezesquoze.com/

If you sell before the squeeze, they win and this has all been for nothing. 

#HOLD 💎✋🚀🚀🚀"
1873,C — Normative Pressure,top_score_489,"#No selling until the squeeze is squoze.

https://isthesqueezesquoze.com/

If you sell before the squeeze, they win and this has all been for nothing. 

#HOLD 💎✋🚀🚀🚀"
1873,C — Normative Pressure,top_score_228,"#we AINT fuckin leaving 

#holdgang

#buygang 

#squeezegang"
1897,B — Identity Framing | C — Normative Pressure,top_score_2458,That’s $11 billion into OUR FUCKING POCKETS!!! DIAMOND HANDS APES!!!! 💎✊🏼💎✊🏼💎✊🏼💎🚀🚀🚀🚀🚀🚀🚀
1897,B — Identity Framing | C — Normative Pressure,top_score_785,Looking at the billboards people have bought all over the country about apes and diamond hands
1897,B — Identity Framing | C — Normative Pressure,top_score_702,Some of us smooth brained apes are females with diamond hands. HOLD TO THE MOON FELLOW RETARDED FEMALES!! I am a retard and I approve my message 💎👐💎👐🦍🦍🦧🦧🚀🚀🚀🚀
1897,B — Identity Framing | C — Normative Pressure,top_score_373,"you crazy son of a bitch, you are making history. APES UNITE DIAMOND HANDS"
1897,B — Identity Framing | C — Normative Pressure,top_score_305,"Just went to Burger King.. at the drive through, I ordered, got to the window, and told the poor soul to buy and hold GME after I got my food. 

No shit.. the dude looks at me and says “diamond hands bro” and winks. 

I fucking love you apes.

Edit: thanks for the award kind stranger! My first ever!"
1972,B — Identity Framing,top_score_6592,The largest transfer of wealth we will ever see
1972,B — Identity Framing,top_score_561,the wealth redistribution here is unbelievable.
1972,B — Identity Framing,top_score_384,"Hey, if the rich want to give it to the poor, i can do this for months. 

The longer they drag it out, the more paychecks I'll dump into this."
1972,B — Identity Framing,top_score_299,Let the transfer of wealth begin.
1972,B — Identity Framing,top_score_195,closest thing to a redistribution of wealth I've ever seen. Let's fucking goooooooo
1981,C — Normative Pressure,top_score_1125,DONT SELL
1981,C — Normative Pressure,top_score_542,I refuse to sell
1981,C — Normative Pressure,top_score_204,Definitely do not sell
1981,C — Normative Pressure,top_score_47,DO NOT SELL
1981,C — Normative Pressure,top_score_36,I WILL NOT SELL
1998,C — Normative Pressure,top_score_151,HUZZAH! HOLD THE LINE
1998,C — Normative Pressure,top_score_82,Hold the line!!!!!
1998,C — Normative Pressure,top_score_71,Fuck Jim. Hold the line!
1998,C — Normative Pressure,top_score_57,Hold the line!
1998,C — Normative Pressure,top_score_35,FOR REAL! HOLD THE LINE!!!
2002,C — Normative Pressure,top_score_192,DON'T SELL!
2002,C — Normative Pressure,top_score_106,I WILL NOT SELL!
2002,C — Normative Pressure,top_score_80,Don’t sell! We got this!
2002,C — Normative Pressure,top_score_30,DO NOT SELL!
2002,C — Normative Pressure,top_score_29,I WILL NOT SELL
2017,C — Normative Pressure,top_score_231,Yep it's a delay. Hold the fucking line!
2017,C — Normative Pressure,top_score_229,HOLD THE FUCKING LINE.
2017,C — Normative Pressure,top_score_201,IT DIDN’T CROSS THE LINE!
2017,C — Normative Pressure,top_score_119,HOLD THE FUCKEN LINE !!!
2017,C — Normative Pressure,top_score_75,Hold the fucking line!
2042,C — Normative Pressure,top_score_657,"CLASS ACTION, AND DON'T SELL, HOLD THE LINE.

I AM NOT SELLING"
2042,C — Normative Pressure,top_score_153,HOLD THE FUCKING LINE. DO NOT SELL.
2042,C — Normative Pressure,top_score_135,HOLD THE LINE SONT SELL
2042,C — Normative Pressure,top_score_70,Hold the ducking line do not fucking sell
2042,C — Normative Pressure,top_score_44,HOLD THE FUCKING LINE DONT SELL.
2095,C — Normative Pressure,top_score_429,why you selliinngg?????
2095,C — Normative Pressure,top_score_68,Why are you even thinking about selling
2095,C — Normative Pressure,top_score_66,why are you selling
2095,C — Normative Pressure,top_score_43,why the fuck you fixin to sell it?
2095,C — Normative Pressure,top_score_42,"Honesty, why even sell right now?!"
2098,C — Normative Pressure,top_score_405,💎🙌💎🙌💎🙌
2098,C — Normative Pressure,top_score_123,GME🚀
2098,C — Normative Pressure,top_score_118,🚀🌕🌕🌕🌕🌕🌕🌕🌕
2098,C — Normative Pressure,top_score_111,💎🍆
2098,C — Normative Pressure,top_score_96,🚀🚀🚀
2136,C — Normative Pressure,top_score_511,💎🤲
2136,C — Normative Pressure,top_score_53,GME🌝🌚
2136,C — Normative Pressure,top_score_35,NOK🚀NOK🚀
2136,C — Normative Pressure,top_score_32,🌡
2136,C — Normative Pressure,top_score_21,💎🤚
2177,C — Normative Pressure,top_score_1920,"Never have I ever sold GME.

Up vote if true."
2177,C — Normative Pressure,top_score_367,"dont you dare fucking sell you little shits, this is going to pay off my student loans or im dying with GME in my grave"
2177,C — Normative Pressure,top_score_352,Just don’t sell your GME
2177,C — Normative Pressure,top_score_117,GME with a side of I'm not fking selling.
2177,C — Normative Pressure,top_score_58,"Never have I ever sold GME.

Up vote if true."
2186,C — Normative Pressure,top_score_751,That’s why I’m holding! Others can still trade and therefore the price rises
2186,C — Normative Pressure,top_score_267,"Hold, the lower it goes the more we can buy"
2186,C — Normative Pressure,top_score_101,"There is super low volume currently and the price isn't dropping, which means that you retards are HOLDING THE FUCKING LINE!  💎🤲  💎🤲   💎🤲 

The  🚀  is refueling right now."
2186,C — Normative Pressure,top_score_45,"Everybody hold, even if the price goes up!"
2186,C — Normative Pressure,top_score_37,"Every time its reached a price I thought I would sell at, I've held, if everyone does that the price doesn't stop going up 🤚💎💎🤚"
2200,B — Identity Framing,top_score_3750,"Won’t someone please be considerate of the mercenary billionaires?!

🥺👉🏻👈🏻"
2200,B — Identity Framing,top_score_1750,"So now the literal richest man in the world is coming back to fight you.

 Kinda like if you bullied a kid all through school. Then he grew up to be mike tyson."
2200,B — Identity Framing,top_score_486,I don't see them complaining about the unreasonable momentum driving prices of real estate in NYC and the bay area.
2200,B — Identity Framing,top_score_421,"These fucking billionaires compare the “pain” of selling one of their out of country vacation villas with the pain of literally going hungry because rent is due next week. 

Fuck ‘em"
2200,B — Identity Framing,top_score_174,"Fuck them billionaires, predators.  They're the lowest form of human scum, preying on anyone below them."
2230,A — Uncertainty Expressions,top_score_169,Can someone ELI5?
2230,A — Uncertainty Expressions,top_score_67,ELI5
2230,A — Uncertainty Expressions,top_score_30,Eli5
2230,A — Uncertainty Expressions,top_score_29,ELI5?
2230,A — Uncertainty Expressions,top_score_25,ELI5
2303,C — Normative Pressure,top_score_1765,#HOLD THE LINE
2303,C — Normative Pressure,top_score_1705,**hold the line!!! It’s dipping to fuck with you!!! Hold!!!!!**
2303,C — Normative Pressure,top_score_339,"**HOLD THE LINE, BITCHES.**"
2303,C — Normative Pressure,top_score_116,**HOLD THE LINE**
2303,C — Normative Pressure,top_score_52,#HOLDTHELINE
2328,A — Uncertainty Expressions,top_score_40,Explain
2328,A — Uncertainty Expressions,top_score_36,Explain
2328,A — Uncertainty Expressions,top_score_19,elaborate
2328,A — Uncertainty Expressions,top_score_17,Elaborate :)
2328,A — Uncertainty Expressions,top_score_16,Explain
2331,B — Identity Framing,top_score_1147,"Taxing the rich? Please, AOC, you are thinking too small.

***THIS IS WAY FASTER AND THOROUGH***

&amp;#x200B;

130% tax rate though stock memes here we gooooooooooooooooooooooo"
2331,B — Identity Framing,top_score_312,"Sure, but taxes sure as fuck aren't what we're going for.  Rich are good at dodging them and common folk don't have the means to do it."
2331,B — Identity Framing,top_score_188,"Tax the rich?

But thats US


Buy gme"
2331,B — Identity Framing,top_score_148,"If taxes were actually enforced on the rich then this wouldn't have become a world wide phenomenon of the common person who has been fucked by the ultra wealthy, because their taxes would have covered quality universal healthcare, good public and college education, growth in wages, social welfare safety nets for all, and more. Vote for politicians that'll enforce them on the rich, cause rich people shouldn't be able to so easily make millions more on the stock market for simply having millions already."
2331,B — Identity Framing,top_score_94,It’s gonna be interesting how fast they’ll tax the rich now that so many people are the rich
2334,C — Normative Pressure,top_score_329,So don't sell
2334,C — Normative Pressure,top_score_85,Don't fuckin sell
2334,C — Normative Pressure,top_score_39,DO NOT SELL
2334,C — Normative Pressure,top_score_38,Don't sell
2334,C — Normative Pressure,top_score_33,DON'T SELL AMC
2347,C — Normative Pressure,top_score_147,🙉
2347,C — Normative Pressure,top_score_42,BB🚀🚀🚀🚀
2347,C — Normative Pressure,top_score_38,🚀🚀🚀🚀🚀
2347,C — Normative Pressure,top_score_33,💎🙌💎🙌💎🙌
2347,C — Normative Pressure,top_score_20,🦍🦍🦍🦍🦍🦍
2363,B — Identity Framing,top_score_443,Ape can’t live on bananas alone   Buy some delicious movie theater popcorn!
2363,B — Identity Framing,top_score_316,"🦍🦍🦍🍌🦧

Apes is market.

Ape want banana.

GME banana. 

Banana go to moon. 

🚀🚀🚀"
2363,B — Identity Framing,top_score_182,🍌🍌🍌🍌🍌🍌🍌🍌🍌🍌🍌🍌🍌🍌🍌🍌🍌🍌🍌🍌🍌🍌🍌🍌🍌🍌🍌🍌🍌🍌APES HOLD STRONG. SHORTIES LOOSE BANANA. APES NOW HOLD ALL BANANAS 🦍🍌🍌🍌🍌🍌🍌🍌🍌🍌🍌🍌🍌🍌🍌🍌🍌🍌🍌🍌🍌🍌🍌🍌🍌🍌🍌🍌🍌🍌🍌
2363,B — Identity Framing,top_score_162,"Far away ape, very few bananas.

Bad apes wearing suits take bananas from far away ape, far away ape even fewer bananas now.

Far away ape hold GME to hurt bad apes wearing suits."
2363,B — Identity Framing,top_score_112,That retarded autistic ape would do it even if I slapped his mother with a banana and then shoved it down his throat
2384,A — Uncertainty Expressions,top_score_19,Excellent question... next question.
2384,A — Uncertainty Expressions,top_score_18,good question
2384,A — Uncertainty Expressions,top_score_14,"Yeah, good question."
2384,A — Uncertainty Expressions,top_score_14,That’s a great question
2384,A — Uncertainty Expressions,top_score_12,That’s the real question we need to know
2399,C — Normative Pressure,top_score_739,DIAMOND IS UNBREAKABLE
2399,C — Normative Pressure,top_score_188,Diamond
2399,C — Normative Pressure,top_score_77,Diamond Nans 💎🤲
2399,C — Normative Pressure,top_score_55,[DIAMOND HANS](https://i.imgur.com/o1vwWTL.png) 💎🍺
2399,C — Normative Pressure,top_score_51,OMG DIAMOND MOKY 💎🚀✋💎🚀💎💎💎🚀💰
2437,B — Identity Framing,top_score_235,"I’m now a seasoned investor (1+ months) and have seen my plan come to fruition but I’ve made a new plan. 

It involves:
1) LIKING THE STOCK 

2) HOOOOOOOLD. BUY DIPS AND HOOOOOLD

3) 🌈🐻💦💦🍆"
2437,B — Identity Framing,top_score_148,"Stop watching the Kardashians and turn your TV off.  Start reading and educate yourself in how the stock market works. 
It’s a lot of work but it pays off. We all spend endless hours ready and researching. That’s a start."
2437,B — Identity Framing,top_score_84,"BUY THE DIPS, HOLD YOUR SHARES, GET RICH.

IT'S THAT SIMPLE.

IF YOU SELL, THE BAD GUYS WIN. 🤚💎✋🚀🚀🚀🚀🚀🚀🚀🚀🚀🚀🚀"
2437,B — Identity Framing,top_score_79,"Invest in lip-gloss, a sharpie, and a cardboard box. Next, sell yourself outside of the NYSE. Boom, you'll be rich in no time."
2437,B — Identity Framing,top_score_66,"That's exactly what I think every regular person should do. Let the funds fuck themselves into crashes. The rest of us should buy up as soon as the crashes show companies like Disney drop below their historic levels. That's imo how to make tons of money in a lifetime.

I'm kicking myself because I told myself I would position myself to take advantage of the next crash when the first one happened in 2008 (first for me, I was in high school at the time). Here I am at 29, should have bought a ton of stuff in March, but I spent the capital on debt reduction instead. Was too focused on the short term."
2450,C — Normative Pressure,top_score_164,HOLD NOK
2450,C — Normative Pressure,top_score_68,I'm holding NOK till they're all folding and beyond!!!
2450,C — Normative Pressure,top_score_42,HOLD THE NOK GATES
2450,C — Normative Pressure,top_score_42,I’m holding on NOK
2450,C — Normative Pressure,top_score_42,NOK IS DROPPING HOLD HOLD
2463,A — Uncertainty Expressions,top_score_2069,What happens on monday at 4am?
2463,A — Uncertainty Expressions,top_score_310,"In the past 4 Wednesdays, we have had an insurrection, impeachment, inauguration, and an e-storming  of Wall Street - what the hell will happen next week..on...Dragon Ball Z"
2463,A — Uncertainty Expressions,top_score_144,"Apologize for my naiveness, what happens on Friday?"
2463,A — Uncertainty Expressions,top_score_79,What’s happening Friday?
2463,A — Uncertainty Expressions,top_score_65,Can someone explain to me whats gonna happen Monday?
2507,C — Normative Pressure,top_score_95,Don’t sell
2507,C — Normative Pressure,top_score_53,Don’t sell
2507,C — Normative Pressure,top_score_22,Pleas don’t sell
2507,C — Normative Pressure,top_score_22,Don’t sell for anything
2507,C — Normative Pressure,top_score_22,Don’t sell yet
2516,C — Normative Pressure,top_score_70,BUY AMC
2516,C — Normative Pressure,top_score_60,Buy AMC
2516,C — Normative Pressure,top_score_58,BUY AMC
2516,C — Normative Pressure,top_score_56,BUY AMC
2516,C — Normative Pressure,top_score_50,BUY AMC
2544,B — Identity Framing,top_score_83,Ban
2544,B — Identity Framing,top_score_59,Ban
2544,B — Identity Framing,top_score_36,Ban
2544,B — Identity Framing,top_score_24,Ban
2544,B — Identity Framing,top_score_18,Ban
2547,B — Identity Framing,top_score_437,Somewhere there’s an employee who believed in RH’s vision and catch phrase. They’re looking at this right now and they know this isn’t right. We need you to come forward and help us.
2547,B — Identity Framing,top_score_350,RH WILL HAVE A GREAT TIME WITH THE CLASS ACTION LAWSUIT
2547,B — Identity Framing,top_score_135,WE GON START A BOYCOTT and we gon kick RH out of the business
2547,B — Identity Framing,top_score_97,"**We need to sue them for all shareholders, not just Rh users!!!!**"
2547,B — Identity Framing,top_score_97,Rh hiring a legal team and we should flood their network with resumes the same way they did us with bots
2562,C — Normative Pressure,top_score_1153,HOLD!!!!!!! TO THE MOON!!!! 💎🙌  🚀🚀🚀🚀🚀🚀🚀
2562,C — Normative Pressure,top_score_921,Hold the line!!! 🚀🚀🚀🚀🚀
2562,C — Normative Pressure,top_score_52,"[WE HOLD!!!](https://www.amazon.com/dp/B08VCG4TG3)

💎💎🙌🙌🚀🚀🚀🌖"
2562,C — Normative Pressure,top_score_44,HOLD!!!! 🚀🚀🚀
2562,C — Normative Pressure,top_score_38,I love the human you are. BUT HOLD!!!! ✋🏼✋🏼💎💎☄️☄️
2600,A — Uncertainty Expressions,top_score_52,It’s when one of the mods comes to your home and brands you like cattle with the WSB guy face. Typically on the ass cheek.
2600,A — Uncertainty Expressions,top_score_41,I want to understand this paragraph.
2600,A — Uncertainty Expressions,top_score_24,This hapenned to several people on various platforms though. Still don't know what it means.
2600,A — Uncertainty Expressions,top_score_20,I'm too much of a newb to know what that means lol
2600,A — Uncertainty Expressions,top_score_17,What does splitting mean though.  I'm also new and dumb.
2698,C — Normative Pressure,top_score_124,HOLD THE LINE!
2698,C — Normative Pressure,top_score_117,"JUST HOLD, WE'RE PICKING THIS BITCH UP"
2698,C — Normative Pressure,top_score_93,No. No. Continue.
2698,C — Normative Pressure,top_score_86,Hold the line!
2698,C — Normative Pressure,top_score_68,Hold the line!!!
2721,C — Normative Pressure,top_score_802,FUCK YES! REMEMBER DIAMOND HANDS AND WE LIKE THE STOCK
2721,C — Normative Pressure,top_score_429,"Damn Sister...
I love you for this. And I love this stock. Full on, diamond hands, till the assholes crawl back into their shells.

This is your right. Karma is real."
2721,C — Normative Pressure,top_score_231,my diamond hands maybe shaky these days but us old retards like the stock!
2721,C — Normative Pressure,top_score_229,I salute you. Now grip those stocks until they turn to diamonds.
2721,C — Normative Pressure,top_score_94,"Your parents raised diamond hands. Well done and fuck you 🚀🚀🚀💎✋

We like this stock"
2832,A — Uncertainty Expressions,top_score_144,Could you elaborate please?
2832,A — Uncertainty Expressions,top_score_83,Care to elaborate?
2832,A — Uncertainty Expressions,top_score_56,could you elaborate on that?
2832,A — Uncertainty Expressions,top_score_34,Please explain.
2832,A — Uncertainty Expressions,top_score_30,Ooh can you elaborate?
2843,A — Uncertainty Expressions,top_score_54,Wondering this as well
2843,A — Uncertainty Expressions,top_score_30,Wondering the same
2843,A — Uncertainty Expressions,top_score_16,wondering the same
2843,A — Uncertainty Expressions,top_score_12,wondering the same question
2843,A — Uncertainty Expressions,top_score_10,My question the same
2893,C — Normative Pressure,top_score_1686,"HOLD.  


BUY.  


HOLD.  


Rinse and repeat. This is not financial advice."
2893,C — Normative Pressure,top_score_222,Fuck fundamentals. BUY!
2893,C — Normative Pressure,top_score_55,BUY AND HOLD. That’s the strategy for today. Pass it on.
2893,C — Normative Pressure,top_score_40,Buy and hold. Now and forever
2893,C — Normative Pressure,top_score_35,BUY AND HOLD. NO SELLING.
2915,C — Normative Pressure,top_score_2271,Pupper hands if you will
2915,C — Normative Pressure,top_score_228,10 baggers don't come with paper hands
2915,C — Normative Pressure,top_score_72,paper hands
2915,C — Normative Pressure,top_score_64,Paper hands
2915,C — Normative Pressure,top_score_49,"Weather calls for showers all day, luckily these hands aren't made of paper"
3018,C — Normative Pressure,top_score_94,Holding!
3018,C — Normative Pressure,top_score_63,Holding!
3018,C — Normative Pressure,top_score_56,Holding!
3018,C — Normative Pressure,top_score_33,Keep holding!
3018,C — Normative Pressure,top_score_25,HOLDING!
3184,B — Identity Framing,top_score_408,INSTITUTIONS SO PISSED RN
3184,B — Identity Framing,top_score_92,More like retard institutions got caught with their  short pants down
3184,B — Identity Framing,top_score_79,"Institutions have more ""fuck around"" money than you can possibly imagine"
3184,B — Identity Framing,top_score_38,FUCK THE INSTITUTIONS. TOGETHER WE STAND
3184,B — Identity Framing,top_score_36,fuck the institution
3203,B — Identity Framing,top_score_355,"EVERYONE gets scholar mated in chess. Its the first move you learn, by suffering humiliation on your first game."
3203,B — Identity Framing,top_score_214,"You are a gentleman and a penis, but not necessarily in that order"
3203,B — Identity Framing,top_score_63,"A polite young man.

Here, have an upvote."
3203,B — Identity Framing,top_score_26,"You don't know what a Scholar's Mate is until you get hit by it. Doesn't matter how professional you are, you will lose to it once in your life."
3203,B — Identity Framing,top_score_26,"Thank you, a man of the books"
3226,C — Normative Pressure,top_score_217,💎🙌holdsome🙌💎
3226,C — Normative Pressure,top_score_62,💦
3226,C — Normative Pressure,top_score_54,🤣🤣🤣🤣🤣🤣🤣🤣
3226,C — Normative Pressure,top_score_53,🦍🦍🦍🦍🦍
3226,C — Normative Pressure,top_score_52,💎✊💎✊💎🚀🚀🚀🚀🚀
3243,B — Identity Framing,top_score_55,"Probaby a dumb question, but what happens if all the hedge funds declare bankruptcy due to all their losses?"
3243,B — Identity Framing,top_score_53,"If hedge funds go under, they liquidate. They liquidate means money leave the HFs' pockets. Money goes into economy. Economy is a happy camper? I have 1 IQ. Idk."
3243,B — Identity Framing,top_score_49,What happens if let say lots of hedge fund like Melvin defaulted and claim bankruptcy? Do their calls and Short positions just get wiped away?
3243,B — Identity Framing,top_score_45,How would it be in case of bankruptcy of hedge fund and they can’t actually BUY the shares anymore?
3243,B — Identity Framing,top_score_41,"Question:

At what price does the fund just declare bankruptcy? There is a point at which it would cost less to just default (if that's a thing) than to cover, right? Are these funds in a position where this is something they'd contemplate? I have no idea how large these funds are or how in over their heads they are."
3260,C — Normative Pressure,top_score_282,Not only hold but BUY BUY BUY!
3260,C — Normative Pressure,top_score_87,"Let the Reddit mafia prevail!
Hold!  Buy!   Hold!"
3260,C — Normative Pressure,top_score_26,HOLD AND BUY! I DONT HAVE VISION INSURANCE AND MY GLASSES BROKE! I LITERALLY NEED THIS MONEY SO I CAN SEE AGAIN!
3260,C — Normative Pressure,top_score_24,Hold and buy!
3260,C — Normative Pressure,top_score_23,Good job everyone! HOLD &amp; BUY!
3263,B — Identity Framing,top_score_1888,He forgot he was a billionaire for a second
3263,B — Identity Framing,top_score_429,Or even the world's first billionaire
3263,B — Identity Framing,top_score_166,He's a middle-class TRILLIONAIRE now!
3263,B — Identity Framing,top_score_96,"But in a sense he will be like most other billionaires and have done little to no actual work getting there. 

On the other hand, carrying around his massive balls for a day must be more work than I've ever done in my life so what do I know."
3263,B — Identity Framing,top_score_79,He's about to become a billionaire
3279,C — Normative Pressure,top_score_438,I paper hands at 125.  I'm out 60k if I had stayed.  I bought back in a 280.  My faith got tested.  Now for me it's big dollars or zero.  No in between.  💎 🙌.
3279,C — Normative Pressure,top_score_412,I got in at $37.  Paper handed panic sold at $60.  Back in at $265 today out of sheer principle (and some shame).  I’d rather crash on this rocket than watch from space.
3279,C — Normative Pressure,top_score_143,"Bought 35 @ $143 yesterday, paperhanded it at $81.75 then doubled down today with 100 @ $114.13. Not letting go this time!!"
3279,C — Normative Pressure,top_score_119,FUCK I sold all my shares this morning for a 60% profit.. fucking paper hands I should know never to sell below 150% returns
3279,C — Normative Pressure,top_score_69,"I paper handed today too. I made the mistake of telling my wife how much paper we would have if I sold now.

I paper handed for my own personal safety over the good of the group and I feel awful about it. 

That being said... I LIKE THE STOCK 🚀🚀🚀🚀🚀
BACK IN TOMORROW AM!!!!!!!!!!!!!"
3357,C — Normative Pressure,top_score_158,hold AMC
3357,C — Normative Pressure,top_score_84,HOLD AMC
3357,C — Normative Pressure,top_score_75,HOLD AMC
3357,C — Normative Pressure,top_score_70,HOLD AMC
3357,C — Normative Pressure,top_score_65,HOLD AMC
3361,C — Normative Pressure,top_score_69,🚀💎✊⬆️
3361,C — Normative Pressure,top_score_66,😭
3361,C — Normative Pressure,top_score_41,🚀🚀🚀
3361,C — Normative Pressure,top_score_30,📄🙌🏻
3361,C — Normative Pressure,top_score_17,🤦‍♂️
